Date,Index,D12,Rfree,fed_funds,VRP,ICS_ALL,pd,ff12_D,vrp3,sent12_D,ersf,ersf_t1,ersf_D,sent_x_ersf_D
1990-03-31,339.94,11.318,0.006583333333333333,8.28,26.5978,91.3,30.035341933203746,-1.5700000000000003,31.80696666666667,-3.0,2.051349593740907,-3.055939724657294,1.5580667715970091,-4.674200314791028
1990-04-30,330.8,11.433,0.006474999999999999,8.26,26.2753,93.9,28.93378815708913,-1.58,28.59693333333334,2.4000000000000057,-3.055939724657294,8.84482265215639,-5.107289318398202,-12.257494364155713
1990-05-31,361.23,11.547999999999998,0.00645,8.18,19.2201,90.6,31.280741253896785,-1.6300000000000008,24.031066666666675,-0.10000000000000853,8.84482265215639,-1.2637396072677658,11.900762376813685,-1.19007623768147
1990-06-30,358.02,11.662999999999998,0.006441666666666668,8.29,13.0796,88.3,30.697076223956103,-1.2400000000000002,19.52500000000001,-2.299999999999997,-1.2637396072677658,-0.8845205109584149,-10.108562259424156,23.24969319667553
1990-07-31,356.15,11.719999999999999,0.006350000000000001,8.15,26.987,88.2,30.388225255972696,-1.0899999999999999,19.76223333333334,-3.799999999999997,-0.8845205109584149,-9.77668994805558,0.3792190963093509,-1.4410325659755323
1990-08-31,322.56,11.777,0.006208333333333333,8.13,51.0203,76.4,27.388978517449267,-0.8599999999999994,30.362300000000005,-13.199999999999989,-9.77668994805558,-5.426029679232794,-8.892169437097165,117.37663656968247
1990-09-30,306.05,11.834,0.0061333333333333335,8.2,57.6982,72.8,25.861923271928344,-0.8200000000000003,45.235166666666665,-23.0,-5.426029679232794,-0.9428139465229122,4.350660268822786,-100.06518618292407
1990-10-31,304.0,11.918,0.005975,8.11,52.1602,63.9,25.507635509313644,-0.7300000000000004,53.62623333333334,-30.000000000000007,-0.9428139465229122,5.734089912280703,4.483215732709882,-134.49647198129648
1990-11-30,322.22,12.002,0.005883333333333333,7.81,30.4216,66.0,26.847192134644228,-0.7400000000000011,46.76000000000001,-24.900000000000006,5.734089912280703,2.233680197794462,6.676903858803616,-166.25490608421006
1990-12-31,330.22,12.086,0.0056166666666666665,7.31,50.2439,65.5,27.3225219261956,-1.1399999999999997,44.27523333333335,-25.0,2.233680197794462,3.938644842832046,-3.5004097144862416,87.51024286215603
1991-01-31,343.93,12.094000000000001,0.005183333333333333,6.91,19.8734,66.8,28.438068463701008,-1.3200000000000003,33.51296666666668,-26.200000000000003,3.938644842832046,6.526341552060017,1.7049646450375842,-44.67007369998471
1991-02-28,367.07,12.102,0.00495,6.25,24.7257,70.4,30.33135019005123,-1.9900000000000002,31.61433333333335,-19.099999999999994,6.526341552060017,2.002709814658428,2.587696709227971,-49.42500714625423
1991-03-31,375.22,12.11,0.004925,6.12,14.9701,87.7,30.984310487200663,-2.1599999999999993,19.85640000000002,-3.5999999999999943,2.002709814658428,-0.16695975398137117,-4.523631737401589,16.285074254645693
1991-04-30,375.35,12.122333333333334,0.0047083333333333335,5.91,18.0895,81.8,30.96351087524404,-2.3499999999999996,19.261766666666684,-12.100000000000009,-0.16695975398137117,3.67214059470419,-2.169669568639799,26.253001780541588
1991-05-31,389.83,12.134666666666668,0.00455,5.78,14.6129,78.3,32.12531589935171,-2.3999999999999995,15.890833333333347,-12.299999999999997,3.67214059470419,-4.993769313974459,3.839100348685561,-47.22093428883239
1991-06-30,371.16,12.147,0.004641666666666666,5.9,26.4061,82.1,30.555692763645347,-2.389999999999999,19.702833333333345,-6.200000000000003,-4.993769313974459,4.294619990180933,-8.66590990867865,53.72864143380765
1991-07-31,387.81,12.189666666666668,0.0046500000000000005,5.82,12.701,82.9,31.81465175421805,-2.33,17.90666666666668,-5.299999999999997,4.294619990180933,1.7835636938477863,9.288389304155391,-49.22846331202355
1991-08-31,395.43,12.232333333333333,0.004441666666666667,5.66,9.5733,82.0,32.32662070468976,-2.4700000000000006,16.226800000000015,5.599999999999994,1.7835636938477863,-2.0906870579706442,-2.5110562963331464,-14.061915259465605
1991-09-30,387.86,12.274999999999999,0.00435,5.45,16.4127,83.0,31.597556008146643,-2.749999999999999,12.895666666666685,10.200000000000003,-2.0906870579706442,1.0333794410354158,-3.8742507518184306,-39.517357668548
1991-10-31,392.46,12.250999999999998,0.004158333333333333,5.21,15.0544,78.3,32.03493592359808,-2.8999999999999995,13.680133333333352,14.399999999999999,1.0333794410354158,-4.513181300854431,3.12406649900606,44.98655758568726
1991-11-30,375.22,12.227,0.0037999999999999996,4.81,24.8364,69.1,30.687822033205205,-3.0,18.767833333333353,3.0999999999999943,-4.513181300854431,11.090638958477673,-5.546560741889847,-17.194338299858494
1991-12-31,417.09,12.203,0.0033916666666666665,4.43,22.9771,68.2,34.17930017208883,-2.88,20.955966666666683,2.700000000000003,11.090638958477673,-2.062026714191704,15.603820259332103,42.13031470019672
1992-01-31,408.79,12.243333333333332,0.0031666666666666666,4.03,17.0722,67.5,33.388783011162545,-2.88,21.628566666666682,0.7000000000000028,-2.062026714191704,0.8868883507152521,-13.152665672669377,-9.206865970868602
1992-02-29,412.7,12.283666666666665,0.0031999999999999997,4.06,18.221,68.8,33.597460041789915,-2.1900000000000004,19.42343333333335,-1.6000000000000085,0.8868883507152521,-2.2710015346094834,2.9489150649069558,-4.718264103851155
1992-03-31,403.69,12.323999999999998,0.0033666666666666667,3.98,17.327,76.0,32.75641025641026,-2.14,17.540066666666682,-11.700000000000003,-2.2710015346094834,2.731144600780025,-3.1578898853247352,36.94731165829941
1992-04-30,414.95,12.322666666666667,0.0031249999999999997,3.73,13.3759,77.2,33.67371780999783,-2.18,16.307966666666683,-4.599999999999994,2.731144600780025,0.04134330106707537,5.002146135389508,-23.00987222279171
1992-05-31,415.35,12.321333333333332,0.003025,3.82,12.2742,79.2,33.70982577643113,-1.9600000000000004,14.325700000000017,0.9000000000000057,0.04134330106707537,-1.7937043056057287,-2.6898012997129497,-2.42082116974167
1992-06-30,408.14,12.32,0.00305,3.76,10.3259,80.4,33.12824675324675,-2.1400000000000006,11.992000000000019,-1.6999999999999886,-1.7937043056057287,3.921932547655216,-1.835047606672804,3.119580931343746
1992-07-31,424.21,12.344999999999999,0.002675,3.25,9.6272,76.6,34.362899959497774,-2.5700000000000003,10.742433333333352,-6.300000000000011,3.921932547655216,-2.417587456684198,5.7156368532609445,-36.00851217554401
1992-08-31,414.03,12.370000000000001,0.0026083333333333336,3.3,11.7631,76.1,33.47049312853678,-2.3600000000000003,10.572066666666686,-5.900000000000006,-2.417587456684198,0.917540737788736,-6.339520004339414,37.40316802560258
1992-09-30,417.8,12.395,0.002425,3.22,13.9343,75.6,33.70713997579669,-2.23,11.774866666666687,-7.400000000000006,0.917540737788736,0.2194548162331732,3.3351281944729343,-24.679948639099734
1992-10-31,418.68,12.391666666666667,0.0023833333333333332,3.1,14.4022,73.3,33.78722259583053,-2.11,13.366533333333352,-5.0,0.2194548162331732,3.01191939216374,-0.6980859215555628,3.490429607777814
1992-11-30,431.35,12.388333333333335,0.0026083333333333336,3.09,11.2196,85.3,34.819050181622494,-1.7199999999999998,13.185366666666686,16.200000000000003,3.01191939216374,0.9817149646458689,2.7924645759305666,45.23792613007519
1992-12-31,435.71,12.385000000000002,0.002683333333333333,2.92,10.2534,91.0,35.18046023415421,-1.5099999999999998,11.958400000000019,22.799999999999997,0.9817149646458689,0.6920702863015352,-2.0302044275178712,-46.28866094740746
1993-01-31,438.78,12.416333333333334,0.0025,3.02,9.4876,89.3,35.33893527343015,-1.0100000000000002,10.32020000000002,21.799999999999997,0.6920702863015352,1.0406014530187337,-0.2896446783443337,-6.314253987906474
1993-02-28,443.38,12.447666666666667,0.002441666666666667,3.03,9.3831,86.6,35.61952708673647,-1.0299999999999998,9.708033333333352,17.799999999999997,1.0406014530187337,1.8584376456613643,0.3485311667171985,6.203854767566133
1993-03-31,451.67,12.479,0.0024583333333333336,3.07,7.9175,85.9,36.1944066030932,-0.9100000000000001,8.92940000000002,9.900000000000006,1.8584376456613643,-2.5503365719318207,0.8178361926426305,8.096578307162046
1993-04-30,440.19,12.493666666666666,0.0023916666666666665,2.96,8.0936,85.6,35.233051412715774,-0.77,8.464733333333355,8.399999999999991,-2.5503365719318207,2.2618776235514484,-4.408774217593185,-37.03370342778272
1993-05-31,450.19,12.508333333333333,0.002466666666666667,3.0,10.7938,80.3,35.991205862758164,-0.8199999999999998,8.934966666666687,1.0999999999999943,2.2618776235514484,0.05149986672293625,4.81221419548327,5.293435615031569
1993-06-30,450.53,12.523,0.002558333333333333,3.04,7.3938,81.5,35.97620378503553,-0.7199999999999998,8.76040000000002,1.0999999999999943,0.05149986672293625,-0.5544293264476051,-2.210377756828512,-2.431415532511351
1993-07-31,448.13,12.521666666666665,0.002533333333333333,3.06,8.7477,77.0,35.788366830826575,-0.18999999999999995,8.978433333333351,0.4000000000000057,-0.5544293264476051,3.424356164009946,-0.6059291931705414,-0.24237167726822
1993-08-31,463.56,12.520333333333332,0.0025166666666666666,3.03,9.4471,77.3,37.02457336066666,-0.27,8.529533333333353,1.2000000000000028,3.424356164009946,-1.0195735179911976,3.9787854904575513,4.774542588549073
1993-09-30,458.93,12.518999999999998,0.0024583333333333336,3.09,10.4017,77.9,36.658678808211526,-0.13000000000000034,9.532166666666685,2.3000000000000114,-1.0195735179911976,1.915300215234951,-4.443929682001143,-10.22103826860268
1993-10-31,467.83,12.53833333333333,0.0025166666666666666,2.99,8.5069,82.7,37.31197660507777,-0.10999999999999988,9.451900000000018,9.400000000000006,1.915300215234951,-1.3257141720520407,2.9348737332261488,27.587813092325813
1993-11-30,461.79,12.557666666666666,0.0025833333333333333,3.02,12.1877,81.2,36.77355134977305,-0.06999999999999984,10.365433333333351,-4.099999999999994,-1.3257141720520407,0.9810777265279282,-3.2410143872869916,13.288158987876647
1993-12-31,466.45,12.576999999999998,0.00255,2.96,9.6009,88.2,37.08754074898625,0.040000000000000036,10.098500000000017,-2.799999999999997,0.9810777265279282,3.2272148378413794,2.306791898579969,-6.459017316023907
1994-01-31,481.61,12.620333333333331,0.0024833333333333335,3.05,7.358,94.3,38.16143260875308,0.029999999999999805,9.71553333333335,5.0,3.2272148378413794,-3.0562186958558053,2.246137111313451,11.230685556567256
1994-02-28,467.14,12.663666666666664,0.0027083333333333334,3.25,14.4292,93.2,36.88821036561291,0.2200000000000002,10.462700000000018,6.6000000000000085,-3.0562186958558053,-4.639631587960782,-6.283433533697185,-41.470661322401476
1994-03-31,445.77,12.706999999999997,0.002916666666666667,3.34,27.0343,91.5,35.08066420083419,0.27,16.273833333333354,5.599999999999994,-4.639631587960782,1.084739713803585,-1.5834128921049766,-8.86711219578786
1994-04-30,450.91,12.749666666666666,0.0030666666666666668,3.56,8.0452,92.6,35.36641480823028,0.6000000000000001,16.50290000000002,7.0,1.084739713803585,1.1333499540435434,5.724371301764367,40.07059911235057
1994-05-31,456.51,12.792333333333332,0.00345,4.01,9.6803,92.8,35.68621830784064,1.0099999999999998,14.919933333333354,12.5,1.1333499540435434,-2.7919160953027653,0.04861024023995841,0.6076280029994802
1994-06-30,444.27,12.834999999999999,0.00345,4.25,14.663,91.2,34.61394624074796,1.21,10.796166666666688,9.700000000000003,-2.7919160953027653,3.0272027208179315,-3.925266049346309,-38.075080678659205
1994-07-31,458.25,12.864333333333335,0.003608333333333333,4.26,7.8015,89.0,35.62174487601378,1.1999999999999997,10.714933333333354,12.0,3.0272027208179315,3.6254603867369775,5.819118816120697,69.82942579344837
1994-08-31,475.5,12.893666666666668,0.0037333333333333337,4.47,9.0176,91.7,36.878570874589585,1.44,10.494033333333354,14.400000000000006,3.6254603867369775,-2.8483193130038638,0.598257665919046,8.614910389234264
1994-09-30,462.71,12.923,0.0038499999999999997,4.73,13.3732,91.5,35.805153602104774,1.6400000000000006,10.06410000000002,13.599999999999994,-2.8483193130038638,1.9051023379174425,-6.473779699740842,-88.04340391647541
1994-10-31,472.35,13.005333333333335,0.004125,4.76,12.8008,92.7,36.31971498872257,1.7699999999999996,11.730533333333353,10.0,1.9051023379174425,-4.1603974512779,4.7534216509213065,47.53421650921307
1994-11-30,453.69,13.087666666666667,0.0044083333333333335,5.29,14.5262,91.6,34.66546112115732,2.27,13.566733333333351,10.399999999999991,-4.1603974512779,1.0051532985077938,-6.065499789195343,-63.08119780763151
1994-12-31,459.27,13.170000000000002,0.004666666666666666,5.45,10.4366,95.1,34.87243735763097,2.49,12.587866666666685,6.8999999999999915,1.0051532985077938,2.190898654386322,5.165550749785694,35.64230017352124
1995-01-31,470.42,13.170000000000002,0.004758333333333333,5.53,9.1658,97.6,35.71905846621108,2.4800000000000004,11.376200000000019,3.299999999999997,2.190898654386322,3.359883472924903,1.185745355878528,3.912959674399139
1995-02-28,487.39,13.17,0.004808333333333333,5.92,9.4248,95.1,37.007593014426725,2.67,9.675733333333351,1.8999999999999915,3.359883472924903,2.480603366913564,1.1689848185385814,2.2210711552232945
1995-03-31,500.71,13.169999999999998,0.004775000000000001,5.98,11.0168,90.3,38.01898253606682,2.6400000000000006,9.869133333333352,-1.2000000000000028,2.480603366913564,2.5454446630229532,-0.8792801060113393,1.0551361272136097
1995-04-30,514.71,13.233666666666666,0.0047083333333333335,6.05,8.9891,92.5,38.89398251933201,2.4899999999999998,9.810233333333352,-0.09999999999999432,2.5454446630229532,3.3739593870550597,0.06484129610938938,-0.00648412961093857
1995-05-31,533.4,13.297333333333334,0.004725,6.01,9.2506,89.8,40.113305926000194,2.0,9.752166666666687,-3.0,3.3739593870550597,1.8807652168479034,0.8285147240321065,-2.4855441720963194
1995-06-30,544.75,13.361,0.0045583333333333335,6.0,6.2258,92.7,40.77164882868048,1.75,8.155166666666686,1.5,1.8807652168479034,2.931419356483587,-1.4931941702071563,-2.2397912553107346
1995-07-31,562.06,13.432333333333332,0.004516666666666666,5.85,10.2589,94.4,41.84380971288185,1.5899999999999999,8.578433333333352,5.400000000000006,2.931419356483587,-0.28181412027975805,1.0506541396356837,5.673532354032698
1995-08-31,561.88,13.503666666666666,0.0045000000000000005,5.74,7.4287,96.2,41.60943941151786,1.2700000000000005,7.971133333333353,4.5,-0.28181412027975805,3.7710859970100366,-3.213233476763345,-14.459550645435053
1995-09-30,584.41,13.575,0.0044,5.8,10.657,88.9,43.050460405156535,1.0699999999999994,9.448200000000021,-2.5999999999999943,3.7710859970100366,-0.7433543802011129,4.052900117289795,-10.537540304953444
1995-10-31,581.5,13.645999999999997,0.0044,5.76,11.5482,90.2,42.61321999120622,1.0,9.877966666666689,-2.5,-0.7433543802011129,3.8548094009745,-4.51444037721115,11.286100943027876
1995-11-30,605.37,13.716999999999999,0.0044666666666666665,5.8,8.5363,88.2,44.132827877815856,0.5099999999999998,10.247166666666688,-3.3999999999999915,3.8548094009745,1.5058556750417011,4.598163781175613,-15.633756855997044
1995-12-31,615.93,13.787999999999998,0.004283333333333333,5.6,9.2318,91.0,44.67145343777198,0.14999999999999947,9.772100000000021,-4.099999999999994,1.5058556750417011,3.0330399197600144,-2.348953725932799,9.630710276324463
1996-01-31,636.02,13.89333333333333,0.004166666666666667,5.56,6.2807,89.3,45.778790786948186,0.02999999999999936,8.016266666666688,-8.299999999999997,3.0330399197600144,0.47428933925906447,1.5271842447183133,-12.675629231161995
1996-02-29,640.43,13.998666666666665,0.004025,5.22,15.4671,88.5,45.749357081626826,-0.7000000000000002,10.326533333333355,-6.599999999999994,0.47428933925906447,0.5618448021902064,-2.55875058050095,16.887753831306256
1996-03-31,645.5,14.104,0.0041333333333333335,5.31,18.9536,93.7,45.76715825297788,-0.6700000000000008,13.567133333333357,3.4000000000000057,0.5618448021902064,1.1134531801359826,0.08755546293114191,0.297688573965883
1996-04-30,654.17,14.160333333333334,0.004125,5.22,14.1619,92.7,46.19735881923683,-0.8300000000000001,16.19420000000002,0.20000000000000284,1.1134531801359826,2.048108451252066,0.5516083779457762,0.11032167558915681
1996-05-31,669.12,14.216666666666665,0.004183333333333333,5.24,14.256,89.4,47.065885111371635,-0.7699999999999996,15.790500000000021,-0.3999999999999915,2.048108451252066,-0.020738781284865716,0.9346552711160834,-0.37386210844642537
1996-06-30,670.63,14.273,0.004241666666666667,5.27,10.4794,92.4,46.985917466545224,-0.7300000000000004,12.965766666666687,-0.29999999999999716,-0.020738781284865716,-4.824991819466605,-2.068847232536932,0.6206541697610737
1996-07-31,639.95,14.403333333333332,0.004291666666666667,5.4,13.3234,94.7,44.430687340893314,-0.4499999999999993,12.686266666666688,0.29999999999999716,-4.824991819466605,1.6498188877603175,-4.804253038181739,-1.441275911454508
1996-08-31,651.99,14.533666666666669,0.004208333333333333,5.22,19.5613,95.3,44.8606683332951,-0.5200000000000005,14.454700000000022,-0.9000000000000057,1.6498188877603175,5.180520521787131,6.474810707226922,-5.827329636504267
1996-09-30,687.31,14.664000000000001,0.004241666666666667,5.3,18.2089,94.7,46.870567375886516,-0.5,17.031200000000023,5.799999999999997,5.180520521787131,2.3759968128565716,3.530701634026814,20.47806947735551
1996-10-31,705.27,14.742333333333335,0.004158333333333333,5.24,22.4557,96.5,47.83978112917448,-0.5199999999999996,20.075300000000023,6.299999999999997,2.3759968128565716,7.093566833348293,-2.8045237089305597,-17.66849936626252
1996-11-30,757.02,14.820666666666668,0.004191666666666667,5.31,19.6608,99.2,51.078673923800096,-0.4900000000000002,20.10846666666669,11.0,7.093566833348293,-2.395694983840143,4.717570020491721,51.893270225408926
1996-12-31,740.74,14.899,0.004091666666666667,5.29,25.1198,96.9,49.71743070004699,-0.3099999999999996,22.412100000000024,5.900000000000006,-2.395694983840143,5.880753383253371,-9.489261817188435,-55.98664472141182
1997-01-31,786.16,14.952333333333332,0.004191666666666667,5.25,18.5619,97.4,52.57774706288874,-0.3099999999999996,21.114166666666687,8.100000000000009,5.880753383253371,0.3343154347998276,8.276448367093513,67.03923177345753
1997-02-28,790.82,15.005666666666666,0.004175,5.19,27.3941,99.7,52.701423906524205,-0.02999999999999936,23.691933333333356,11.200000000000003,0.3343154347998276,-4.531047393844372,-5.546437948453543,-62.1201050226797
1997-03-31,757.12,15.059,0.004283333333333333,5.39,28.2277,100.0,50.27691081745136,0.08000000000000007,24.727900000000023,6.299999999999997,-4.531047393844372,5.5766766166525805,-4.8653628286442,-30.651785820458443
1997-04-30,801.34,15.093,0.0043,5.51,18.043,101.4,53.09348704697542,0.29000000000000004,24.554933333333356,8.700000000000003,5.5766766166525805,5.594164462026098,10.107724010496952,87.9371988913235
1997-05-31,848.28,15.127000000000002,0.004208333333333333,5.5,16.7757,103.2,56.077212930521576,0.2599999999999998,21.01546666666669,13.799999999999997,5.594164462026098,4.0833686597192775,0.017487845373517885,0.24133226615454675
1997-06-30,885.14,15.161000000000001,0.004108333333333333,5.56,27.5567,104.5,58.382692434535976,0.29000000000000004,20.791800000000023,12.099999999999994,4.0833686597192775,7.534766283048759,-1.5107958023068209,-18.280629207912526
1997-07-31,954.29,15.218333333333335,0.004208333333333333,5.52,24.8431,107.1,62.70660387690285,0.11999999999999922,23.05850000000002,12.399999999999991,7.534766283048759,-6.039523619072225,3.4513976233294814,42.79733052928554
1997-08-31,899.47,15.27566666666667,0.004283333333333333,5.54,28.425,104.4,58.88253649595216,0.3200000000000003,26.94160000000002,9.100000000000009,-6.039523619072225,5.0449082515258885,-13.574289902120984,-123.52603810930107
1997-09-30,947.28,15.333000000000002,0.004125,5.54,30.3751,106.0,61.78047348855409,0.2400000000000002,27.881066666666687,11.299999999999997,5.0449082515258885,-3.7265657930542595,11.084431870598113,125.25408013775865
1997-10-31,914.62,15.387666666666668,0.004141666666666666,5.5,64.1708,105.6,59.438511361913214,0.2599999999999998,40.990300000000026,9.099999999999994,-3.7265657930542595,4.17104795191202,-8.771474044580149,-79.82041380567931
1997-11-30,955.4,15.442333333333334,0.004283333333333333,5.52,46.377,107.2,61.868888553111574,0.20999999999999996,46.97430000000003,8.0,4.17104795191202,1.2783333333333333,7.8976137449662795,63.180909959730236
1997-12-31,970.43,15.497,0.0043,5.5,34.0974,102.1,62.620507194940956,0.20999999999999996,48.215066666666694,5.199999999999989,1.2783333333333333,0.7285028973410482,-2.8927146185786867,-15.042116016609137
1998-01-31,980.28,15.545000000000002,0.0042,5.56,22.618,106.6,63.06079125120617,0.3099999999999996,34.364133333333356,9.199999999999989,0.7285028973410482,6.75331493722882,-0.5498304359922851,-5.058440011129017
1998-02-28,1049.34,15.593000000000002,0.004241666666666667,5.51,21.2434,110.4,67.29558135060603,0.3199999999999994,25.986266666666683,10.700000000000003,6.75331493722882,4.699614344889809,6.024812039887772,64.46548882679917
1998-03-31,1101.75,15.641000000000002,0.004191666666666667,5.49,41.0088,106.5,70.43986957355666,0.10000000000000053,28.29006666666669,6.5,4.699614344889809,0.6142302019514316,-2.0537005923390117,-13.349053850203576
1998-04-30,1111.75,15.744000000000002,0.004125,5.45,27.3293,108.7,70.61420223577235,-0.05999999999999961,29.860500000000027,7.299999999999997,0.6142302019514316,-2.1804999625215506,-4.085384142938377,-29.823304243450142
1998-05-31,1090.82,15.847000000000001,0.004166666666666667,5.49,28.0328,106.5,68.83447971224837,-0.009999999999999787,32.12363333333335,3.299999999999997,-2.1804999625215506,3.650672307682902,-2.7947301644729823,-9.222609542760834
1998-06-30,1133.84,15.95,0.00415,5.56,18.8789,105.6,71.0871473354232,0.0,24.747000000000025,1.0999999999999943,3.650672307682902,-1.457173048127489,5.831172270204453,6.414289497224865
1998-07-31,1120.67,16.014333333333333,0.0041333333333333335,5.54,37.6684,105.2,69.97918531315698,0.020000000000000462,28.193366666666687,-1.8999999999999915,-1.457173048127489,-14.868443009786809,-5.107845355810391,9.7049061760397
1998-08-31,957.28,16.078666666666667,0.004083333333333334,5.55,15.8531,104.4,59.53727506426735,0.009999999999999787,24.13346666666668,0.0,-14.868443009786809,5.995915440971641,-13.41126996165932,-0.0
1998-09-30,1017.01,16.143,0.003841666666666667,5.51,71.2983,100.9,63.00006194635446,-0.03000000000000025,41.60660000000001,-5.099999999999994,5.995915440971641,7.831836603813583,20.86435845075845,-106.40822809886797
1998-10-31,1098.67,16.160333333333334,0.0032999999999999995,5.07,12.0462,97.4,67.98560260720694,-0.4299999999999997,33.065866666666686,-8.199999999999989,7.831836603813583,5.667809864553399,1.8359211628419425,-15.054553535303908
1998-11-30,1163.63,16.177666666666667,0.003675,4.83,43.6925,102.7,71.92817258360292,-0.6899999999999995,42.34566666666668,-4.5,5.667809864553399,5.387677948889821,-2.1640267392601844,9.73812032667083
1998-12-31,1229.23,16.195,0.003658333333333333,4.68,32.2986,100.5,75.90182154986107,-0.8200000000000003,29.345766666666687,-1.5999999999999943,5.387677948889821,3.8496395078400587,-0.28013191566357776,0.4482110650617228
1999-01-31,1279.64,16.279666666666667,0.003616666666666667,4.63,33.8067,103.9,78.60357501177339,-0.9299999999999997,36.599266666666686,-2.6999999999999886,3.8496395078400587,-3.4916830948982276,-1.5380384410497623,4.152703790834341
1999-02-28,1238.33,16.364333333333335,0.0037,4.76,39.544,108.1,75.67249913429612,-0.75,35.21643333333335,-2.3000000000000114,-3.4916830948982276,3.6201116826694024,-7.341322602738286,16.88504198629814
1999-03-31,1286.37,16.448999999999998,0.0037,4.81,24.9518,105.7,78.20353820900966,-0.6800000000000006,32.76750000000001,-0.7999999999999972,3.6201116826694024,3.543455574385469,7.11179477756763,-5.689435822054083
1999-04-30,1335.18,16.448666666666668,0.003575,4.74,29.5311,104.6,81.17253678109674,-0.71,31.342300000000012,-4.1000000000000085,3.543455574385469,-2.769381698014919,-0.07665610828393321,0.3142900439641268
1999-05-31,1301.84,16.448333333333334,0.00375,4.74,28.6386,106.8,79.1472286959165,-0.75,27.70716666666668,0.29999999999999716,-2.769381698014919,5.1682868862533144,-6.3128372724003885,-1.8938511817200987
1999-06-30,1372.71,16.448,0.0038083333333333337,4.76,20.7194,107.3,83.45756322957199,-0.7999999999999998,26.29636666666668,1.7000000000000028,5.1682868862533144,-3.48353483053392,7.937668584268233,13.49403659325602
1999-07-31,1328.72,16.512333333333334,0.0037916666666666667,4.99,38.3755,106.0,80.46833679875648,-0.5499999999999998,29.244500000000016,0.7999999999999972,-3.48353483053392,-0.9147833838414138,-8.651821716787234,-6.921457373429763
1999-08-31,1320.41,16.576666666666668,0.003933333333333333,5.07,31.0145,104.5,79.65473557208928,-0.47999999999999954,30.036466666666684,0.09999999999999432,-0.9147833838414138,-3.1401495747533077,2.5687514466925063,0.25687514466923606
1999-09-30,1282.71,16.641000000000002,0.0038999999999999994,5.22,32.0597,107.2,77.08130521002343,-0.29000000000000004,33.81656666666668,6.299999999999997,-3.1401495747533077,5.9571681180209595,-2.225366190911894,-14.019807002744926
1999-10-31,1362.93,16.658,0.004050000000000001,5.2,15.9112,103.2,81.81834553968064,0.1299999999999999,26.328466666666674,5.799999999999997,5.9571681180209595,1.58564299584963,9.097317692774267,52.76444261809072
1999-11-30,1388.91,16.675,0.0042250000000000005,5.42,33.9662,107.2,83.29295352323838,0.5899999999999999,27.312366666666676,4.5,1.58564299584963,5.4512092216198305,-4.371525122171329,-19.67186304977098
1999-12-31,1469.25,16.692,0.004333333333333334,5.3,35.7088,105.4,88.02120776419842,0.6200000000000001,28.52873333333334,4.900000000000006,5.4512092216198305,-5.438879057720294,3.8655662257702,18.941274506274002
2000-01-31,1394.46,16.715333333333334,0.004433333333333333,5.45,23.8921,112.0,83.42400191440993,0.8200000000000003,31.18903333333334,8.099999999999994,-5.438879057720294,-2.3732834653637225,-10.890088279340125,-88.20971506265495
2000-02-29,1366.42,16.738666666666667,0.004625,5.73,18.8877,111.3,81.63254739525252,0.9700000000000006,26.162866666666673,3.200000000000003,-2.3732834653637225,9.300048679517747,3.065595592356572,9.80990589554104
2000-03-31,1498.58,16.762,0.0047416666666666675,5.85,10.4004,107.1,89.4034124806109,1.04,17.726733333333343,1.3999999999999915,9.300048679517747,-3.458145718687759,11.67333214488147,16.34266500283396
2000-04-30,1452.43,16.74266666666667,0.004716666666666667,6.02,-9.724,109.2,86.75021900135383,1.2799999999999994,6.521366666666675,4.6000000000000085,-3.458145718687759,-2.578049450843692,-12.758194398205507,-58.68769423174544
2000-05-31,1420.6,16.723333333333336,0.004825,6.27,10.8624,110.7,84.94717958939603,1.5299999999999994,3.8462666666666756,3.9000000000000057,-2.578049450843692,2.017175019944628,0.8800962678440669,3.432375444591866
2000-06-30,1454.6,16.704,0.0047416666666666675,6.53,13.1297,106.4,87.080938697318,1.7700000000000005,4.756033333333343,-0.8999999999999915,2.017175019944628,-2.0357782208167126,4.59522447078832,-4.135702023709449
2000-07-31,1430.83,16.585,0.004966666666666667,6.54,22.24,108.3,86.2725354235755,1.5499999999999998,15.410700000000011,2.299999999999997,-2.0357782208167126,5.658303531283725,-4.05295324076134,-9.32179245375107
2000-08-31,1517.68,16.466,0.005075,6.5,12.9085,107.3,92.17053321996842,1.4299999999999997,16.092733333333346,2.799999999999997,5.658303531283725,-5.7585360550313744,7.694081752100438,21.543428905881203
2000-09-30,1436.51,16.347,0.005,6.52,16.0563,106.8,87.87606288615648,1.2999999999999998,17.068266666666677,-0.4000000000000057,-5.7585360550313744,-0.9094326662845552,-11.416839586315099,4.566735834526105
2000-10-31,1429.4,16.321666666666665,0.005091666666666667,6.51,0.7567,105.8,87.5768406004289,1.3099999999999996,9.90716666666668,2.5999999999999943,-0.9094326662845552,-8.426015849696066,4.849103388746819,12.607668810741702
2000-11-30,1314.95,16.296333333333333,0.005141666666666667,6.51,37.4267,107.6,80.68993025015853,1.0899999999999999,18.07990000000001,0.3999999999999915,-8.426015849696066,0.027620727023834005,-7.516583183411511,-3.0066332733645402
2000-12-31,1320.28,16.270999999999997,0.004808333333333333,6.4,24.7904,98.4,81.14313809845738,1.1000000000000005,20.99126666666668,-7.0,0.027620727023834005,3.1365647606736657,8.4536365767199,-59.1754560370393
2001-01-31,1366.01,16.171666666666663,0.004291666666666667,5.98,5.2306,94.7,84.46933937957334,0.5300000000000002,22.48256666666668,-17.299999999999997,3.1365647606736657,-9.53768612398314,3.1089440336498315,-53.784731782142075
2001-02-28,1239.94,16.072333333333333,0.004066666666666666,5.49,42.2919,90.6,77.14747910488002,-0.2400000000000002,24.104300000000013,-20.700000000000003,-9.53768612398314,-6.681454667161331,-12.674250884656805,262.3569933123959
2001-03-31,1160.33,15.972999999999999,0.003683333333333333,5.31,13.2787,91.5,72.64321041757967,-0.54,20.26706666666668,-15.599999999999994,-6.681454667161331,7.4729643171435,2.856231456821808,-44.55721072642019
2001-04-30,1249.46,15.877333333333333,0.003225,4.8,13.9733,88.4,78.69457507557945,-1.2199999999999998,23.18130000000001,-20.799999999999997,7.4729643171435,0.3126098118831705,14.154418984304831,-294.41191487354047
2001-05-31,1255.82,15.781666666666666,0.003016666666666667,4.21,23.624,92.0,79.57461189143521,-2.0599999999999996,16.958666666666677,-18.700000000000003,0.3126098118831705,-2.6871029685782846,-7.1603545052603295,133.8986292483682
2001-06-30,1224.42,15.686,0.0029083333333333335,3.97,12.7123,92.6,78.0581410174678,-2.56,16.769866666666676,-13.800000000000011,-2.6871029685782846,-1.2628732742395965,-2.999712780461455,41.396036370368115
2001-07-31,1211.23,15.702666666666666,0.002925,3.77,23.0576,92.4,77.13530610512015,-2.77,19.797966666666674,-15.899999999999991,-1.2628732742395965,-6.582688635152335,1.424229694338688,-22.64525213998513
2001-08-31,1133.58,15.719333333333335,0.0028,3.65,34.0391,91.5,72.11374528181855,-2.85,23.269666666666676,-15.799999999999997,-6.582688635152335,-8.276658256732347,-5.319815360912739,84.05308270242126
2001-09-30,1040.94,15.736,0.0022,3.07,35.721,81.8,66.15022877478394,-3.4499999999999997,30.939233333333345,-25.0,-8.276658256732347,1.7558891429327772,-1.6939696215800115,42.349240539500286
2001-10-31,1059.78,15.737333333333336,0.0018000000000000002,2.49,58.3443,82.7,67.34177751419129,-4.02,42.701466666666676,-23.099999999999994,1.7558891429327772,7.485522000373248,10.032547399665123,-231.7518449322643
2001-11-30,1139.45,15.738666666666667,0.0015583333333333334,2.09,25.1728,83.9,72.39812775330397,-4.42,39.746033333333344,-23.69999999999999,7.485522000373248,0.7316636315766325,5.72963285744047,-135.79229872133908
2001-12-31,1148.08,15.74,0.0014083333333333333,1.82,35.7873,88.8,72.9402795425667,-4.58,39.768133333333346,-9.600000000000009,0.7316636315766325,-1.58065823906967,-6.753858368796616,64.83704034044757
2002-01-31,1130.2,15.736666666666668,0.0013750000000000001,1.73,20.8956,93.0,71.81952976064393,-4.25,27.28523333333335,-1.7000000000000028,-1.58065823906967,-2.104783273363614,-2.3123218706463025,3.9309471800987206
2002-02-28,1106.73,15.733333333333334,0.0014416666666666666,1.74,19.4193,90.7,70.34300847457627,-3.75,25.367400000000014,0.10000000000000853,-2.104783273363614,3.6431614832283667,-0.5241250342939439,-0.052412503429398856
2002-03-31,1147.39,15.73,0.0014916666666666665,1.73,11.5046,95.7,72.94278448823904,-3.5799999999999996,17.27316666666668,4.200000000000003,3.6431614832283667,-6.170105689143765,5.747944756591981,24.141367977686336
2002-04-30,1076.92,15.833,0.0014333333333333333,1.75,24.6613,93.0,68.01743194593571,-3.05,18.52840000000001,4.599999999999994,-6.170105689143765,-0.9289974804689914,-9.813267172372132,-45.14102899291175
2002-05-31,1067.14,15.936,0.0014416666666666666,1.75,14.5732,96.9,66.96410642570282,-2.46,16.913033333333342,4.900000000000006,-0.9289974804689914,-7.262889436562538,5.241108208674773,25.681430222506417
2002-06-30,989.81,16.039,0.0014166666666666668,1.75,15.5733,92.4,61.71270029303572,-2.22,18.269266666666677,-0.19999999999998863,-7.262889436562538,-7.9051350595905525,-6.333891956093546,1.2667783912186372
2002-07-31,911.62,15.959,0.0014,1.73,21.8967,88.1,57.122626730998185,-2.04,17.34773333333334,-4.300000000000011,-7.9051350595905525,0.49829567144205644,-0.6422456230280149,2.7616561790204712
2002-08-31,916.07,15.879,0.0013500000000000003,1.74,29.556,87.6,57.690660620945906,-1.91,22.34200000000001,-3.9000000000000057,0.49829567144205644,-10.993455203568873,8.403430731032609,-32.77337985102722
2002-09-30,815.29,15.799,0.0013583333333333331,1.75,80.6108,86.1,51.60389898094816,-1.3199999999999998,44.02116666666668,4.299999999999997,-10.993455203568873,8.67430694054332,-11.49175087501093,-49.414528762546965
2002-10-31,885.76,15.890666666666664,0.0013166666666666667,1.75,-0.097,80.6,55.740896123510666,-0.7400000000000002,36.68993333333334,-2.1000000000000085,8.67430694054332,5.754827166626525,19.667762144112192,-41.302300502635774
2002-11-30,936.31,15.982333333333333,0.001025,1.34,31.6829,84.2,58.58406156798131,-0.7499999999999998,37.39890000000001,0.29999999999999716,5.754827166626525,-5.989363289580003,-2.9194797739167946,-0.8758439321750301
2002-12-31,879.82,16.073999999999998,0.0009916666666666665,1.24,43.3278,86.7,54.73559785989798,-0.5800000000000001,24.97123333333335,-2.0999999999999943,-5.989363289580003,-2.6862492138543512,-11.744190456206528,24.66279995803364
2003-01-31,855.7,16.124,0.0009749999999999998,1.24,55.7305,82.4,53.06995782684198,-0.49,43.58040000000002,-10.599999999999994,-2.6862492138543512,-1.6403499084570172,3.3031140757256514,-35.01300920269188
2003-02-28,841.15,16.174,0.0009749999999999998,1.26,46.5227,79.9,52.006306417707435,-0.48,48.527000000000015,-10.799999999999997,-1.6403499084570172,0.9023262299629414,1.045899305397334,-11.295712498291204
2003-03-31,848.18,16.224,0.0009416666666666666,1.25,34.7469,77.6,52.279339250493095,-0.48,45.66670000000002,-18.10000000000001,0.9023262299629414,8.169452035862404,2.5426761384199588,-46.02243810540128
2003-04-30,916.92,16.204333333333334,0.0009416666666666666,1.26,12.8601,86.0,56.58486413099376,-0.49,31.37656666666668,-7.0,8.169452035862404,5.14779208897421,7.267125805899463,-50.86988064129624
2003-05-31,963.59,16.184666666666665,0.0008916666666666668,1.26,14.8049,92.1,59.537216295258894,-0.49,20.803966666666682,-4.800000000000011,5.14779208897421,1.1963937981921726,-3.021659946888194,14.503967745063367
2003-06-30,974.51,16.165,0.0007666666666666667,1.22,14.3919,89.7,60.28518403959171,-0.53,14.018966666666685,-2.700000000000003,1.1963937981921726,1.6857595384118875,-3.9513982907820377,10.668775385111513
2003-07-31,990.31,16.305333333333333,0.0007500000000000001,1.01,9.9036,90.9,60.73534221931474,-0.72,13.033466666666683,2.8000000000000114,1.6857595384118875,1.846540659546569,0.4893657402197149,1.3702240726152073
2003-08-31,1008.01,16.445666666666668,0.0007916666666666666,1.03,15.2008,89.3,61.29334981859456,-0.71,13.165433333333349,1.7000000000000028,1.846540659546569,-1.1356475795544339,0.16078112113468146,0.27332790592895895
2003-09-30,995.97,16.586000000000002,0.0007833333333333333,1.01,30.5595,87.7,60.04883636802122,-0.74,18.55463333333335,1.6000000000000085,-1.1356475795544339,5.560487174424033,-2.982188239101003,-4.77150118256163
2003-10-31,1050.71,16.852333333333334,0.0007666666666666667,1.01,6.8398,89.6,62.34804280317265,-0.74,17.533366666666684,9.0,5.560487174424033,0.7711219371239956,6.696134753978466,60.2652127858062
2003-11-30,1058.2,17.11866666666667,0.0007750000000000001,1.0,13.5734,93.7,61.81556195965417,-0.3400000000000001,16.990900000000014,9.5,0.7711219371239956,5.138452088452093,-4.7893652373000375,-45.498969754350355
2003-12-31,1111.92,17.385,0.0007500000000000001,0.98,20.7938,92.6,63.958584987057804,-0.26,13.735666666666683,5.8999999999999915,5.138452088452093,1.7861979279084856,4.3673301513280975,25.767247892835737
2004-01-31,1131.13,17.598000000000003,0.0007333333333333333,1.0,14.086,103.8,64.27605409705649,-0.24,16.151066666666683,21.39999999999999,1.7861979279084856,1.274621329997429,-3.352254160543607,-71.73823903563317
2004-02-29,1144.94,17.811,0.0007750000000000001,1.01,9.8728,94.4,64.282746617259,-0.25,14.91753333333335,14.5,1.274621329997429,-1.5830410036042704,-0.5115765979110567,-7.417860669710322
2004-03-31,1126.21,18.024,0.0007833333333333333,1.0,9.4462,95.8,62.48391034176653,-0.25,11.135000000000014,18.200000000000003,-1.5830410036042704,-1.6226229813070294,-2.8576623336016995,-52.00945447155094
2004-04-30,1107.3,18.216666666666665,0.0007833333333333333,1.0,13.4427,94.2,60.78499542543459,-0.26,10.920566666666682,8.200000000000003,-1.6226229813070294,1.2618898321241938,-0.039581977702759064,-0.3245722171626244
2004-05-31,1120.68,18.409333333333333,0.0008500000000000001,1.0,5.2403,90.2,60.87564278988919,-0.26,9.376400000000016,-1.8999999999999915,1.2618898321241938,1.831398228456518,2.8845128134312232,-5.480574345519299
2004-06-30,1140.84,18.601999999999997,0.0010583333333333332,1.03,10.6631,95.6,61.328889366734764,-0.18999999999999995,9.78203333333335,5.8999999999999915,1.831398228456518,-3.4026402475368958,0.5695083963323242,3.360099538360708
2004-07-31,1101.72,18.788999999999998,0.0011083333333333333,1.26,10.0533,96.7,58.63643621267764,0.25,8.65223333333335,5.799999999999997,-3.4026402475368958,0.2489330622420657,-5.2340384759934135,-30.357423160761783
2004-08-31,1104.24,18.976,0.0012333333333333335,1.43,10.4318,95.9,58.191399662731875,0.3999999999999999,10.38273333333335,6.6000000000000085,0.2489330622420657,0.9435074500712298,3.6515733097789616,24.100383844541177
2004-09-30,1114.58,19.163,0.0013750000000000001,1.61,9.0262,94.2,58.16312685905129,0.6000000000000001,9.837100000000015,6.5,0.9435074500712298,1.3987286092818285,0.6945743878291641,4.514733520889567
2004-10-31,1130.2,19.256,0.0014666666666666667,1.76,14.1218,91.7,58.69339426672206,0.75,11.193266666666682,2.1000000000000085,1.3987286092818285,3.8296603845926827,0.4552211592105987,0.9559644343422611
2004-11-30,1173.82,19.349,0.001725,1.93,6.6873,92.8,60.66566747635537,0.9299999999999999,9.945100000000016,-0.9000000000000057,3.8296603845926827,3.201337953576079,2.430931775310854,-2.1878385977797823
2004-12-31,1211.92,19.442,0.001825,2.16,8.9618,97.1,62.335150704660016,1.1800000000000002,9.923633333333347,4.5,3.201337953576079,-2.5877308733249764,-0.6283224310166036,-2.827450939574716
2005-01-31,1181.27,19.703000000000003,0.0019416666666666668,2.28,5.7193,95.5,59.953814139978675,1.2799999999999998,7.122800000000015,-8.299999999999997,-2.5877308733249764,1.819508819603747,-5.7890688269010555,48.04927126327875
2005-02-28,1203.6,19.964000000000002,0.0021166666666666664,2.5,7.5783,94.1,60.288519334802636,1.49,7.419800000000014,-0.30000000000001137,1.819508819603747,-2.000066744211806,4.407239692928723,-1.322171907878667
2005-03-31,1180.59,20.225,0.0022833333333333334,2.63,8.7577,92.6,58.372805933250916,1.63,7.3517666666666805,-3.200000000000003,-2.000066744211806,-2.0981180925544787,-3.819575563815553,12.22264180420978
2005-04-30,1156.85,20.458333333333336,0.0023166666666666665,2.79,7.8733,87.7,56.54663951120162,1.79,8.06976666666668,-6.5,-2.0981180925544787,2.907587606191143,-0.09805134834267282,0.6373337642273733
2005-05-31,1191.5,20.69166666666667,0.0023666666666666667,3.0,6.82,86.9,57.58356826419653,2.0,7.817000000000014,-3.299999999999997,2.907587606191143,-0.11541859001258767,5.005705698745622,-16.51882880586054
2005-06-30,1191.33,20.925,0.002475,3.04,5.9874,96.0,56.93333333333333,2.01,6.893566666666682,0.4000000000000057,-0.11541859001258767,3.476130137465421,-3.0230061962037307,-1.2092024784815094
2005-07-31,1234.18,21.107000000000003,0.002683333333333333,3.26,5.2186,96.5,58.47254465343251,1.9999999999999998,6.008666666666682,-0.20000000000000284,3.476130137465421,-1.2651233477558836,3.591548727478009,-0.718309745495612
2005-08-31,1220.33,21.289,0.0028666666666666667,3.5,6.5591,89.1,57.32209122081826,2.0700000000000003,5.9217000000000155,-6.800000000000011,-1.2651233477558836,0.5565141805905007,-4.741253485221305,32.24052369950493
2005-09-30,1228.81,21.471000000000004,0.00285,3.62,5.3559,76.9,57.23114899166316,2.01,5.711200000000015,-17.299999999999997,0.5565141805905007,-1.9359483135897466,1.8216375283463844,-31.514329240392446
2005-10-31,1207.01,21.719333333333335,0.0030916666666666666,3.78,7.0583,74.2,55.573068541084744,2.0199999999999996,6.3244333333333485,-17.5,-1.9359483135897466,3.346946025486304,-2.4924624941802476,43.618093648154336
2005-11-30,1249.48,21.96766666666667,0.0032333333333333333,4.0,6.8256,81.6,56.87813908319803,2.0700000000000003,6.413266666666682,-11.200000000000003,3.346946025486304,-0.2712379816670483,5.2828943390760505,-59.168416597651785
2005-12-31,1248.29,22.216,0.003241666666666667,4.16,7.1476,91.5,56.18878285920057,2.0,7.010500000000015,-5.599999999999994,-0.2712379816670483,2.342924035636308,-3.6181840071533524,20.261830440058752
2006-01-31,1280.08,22.405333333333335,0.003533333333333333,4.29,6.9877,91.2,57.13282551773386,2.0100000000000002,6.986966666666682,-4.299999999999997,2.342924035636308,-0.17676549729530053,2.6141620173033564,-11.240896674404425
2006-02-28,1280.66,22.594666666666665,0.0036916666666666664,4.49,7.2603,86.7,56.67974743302255,1.9900000000000002,7.1318666666666815,-7.3999999999999915,-0.17676549729530053,0.8820076757296905,-2.5196895329316087,18.645702543693883
2006-03-31,1294.87,22.784,0.0037583333333333336,4.59,5.1758,88.9,56.83242626404494,1.96,6.474600000000014,-3.6999999999999886,0.8820076757296905,0.9802634412892617,1.058773173024991,-3.9174607401924546
2006-04-30,1310.61,23.001666666666665,0.003833333333333333,4.79,3.9782,87.4,56.97891457140787,2.0,5.471433333333348,-0.29999999999999716,0.9802634412892617,-3.3373865265453135,0.09825576555957116,-0.02947672966787107
2006-05-31,1270.09,23.219333333333335,0.003933333333333333,4.94,10.6306,79.1,54.69967555772488,1.9400000000000004,6.59486666666668,-7.800000000000011,-3.3373865265453135,-0.23673067131724637,-4.317649967834575,33.67766974910974
2006-06-30,1270.2,23.437,0.003991666666666667,4.99,0.0714,84.9,54.19635618893203,1.9500000000000002,4.893400000000014,-11.099999999999994,-0.23673067131724637,0.25128435591945614,3.100655855228067,-34.41727999303153
2006-07-31,1276.66,23.656666666666666,0.004125,5.24,8.5007,84.7,53.96618289418064,1.9800000000000004,6.400900000000014,-11.799999999999997,0.25128435591945614,1.8699444731652113,0.48801502723670254,-5.758577321393089
2006-08-31,1303.82,23.87633333333333,0.0041333333333333335,5.25,4.0997,82.0,54.607212162671544,1.75,4.223933333333347,-7.099999999999994,1.8699444731652113,2.2098031042117277,1.618660117245755,-11.492486832444852
2006-09-30,1335.85,24.095999999999997,0.004008333333333333,5.25,6.9885,85.4,55.438662018592304,1.63,6.529633333333347,8.5,2.2098031042117277,2.8927577114862553,0.33985863104651637,2.888798363895389
2006-10-31,1377.94,24.358666666666664,0.0041,5.25,5.4026,93.6,56.568777710876354,1.4700000000000002,5.496933333333348,19.39999999999999,2.8927577114862553,1.3838961138446595,0.6829546072745276,13.24931938112583
2006-11-30,1400.63,24.621333333333332,0.004116666666666667,5.25,4.3349,92.1,56.88684609552692,1.25,5.575333333333347,10.5,1.3838961138446595,1.0054609056876675,-1.5088615976415958,-15.843046775236756
2006-12-31,1418.3,24.884,0.0040416666666666665,5.24,6.9593,91.7,56.99646359106253,1.08,5.565600000000013,0.20000000000000284,1.0054609056876675,1.1383110844751503,-0.37843520815699194,-0.07568704163139947
2007-01-31,1438.24,25.087333333333333,0.00415,5.25,3.8813,96.9,57.32932954213282,0.96,5.058500000000013,5.700000000000003,1.1383110844751503,-2.4572440699126137,0.13285017878748273,0.757246019088652
2007-02-28,1406.82,25.290666666666667,0.004191666666666667,5.26,12.8325,91.3,55.62605440742303,0.7699999999999996,7.891033333333346,4.599999999999994,-2.4572440699126137,0.7373431569070572,-3.595555154387764,-16.539553710183693
2007-03-31,1420.86,25.494,0.004116666666666667,5.26,0.6281,88.4,55.7331136738056,0.6699999999999999,5.780633333333346,-0.5,0.7373431569070572,4.074078676138234,3.194587226819671,-1.5972936134098354
2007-04-30,1482.37,25.71933333333333,0.004058333333333333,5.25,12.0013,87.1,57.63640840871977,0.45999999999999996,8.487300000000014,-0.30000000000001137,4.074078676138234,3.0066074690454383,3.336735519231177,-1.001020655769391
2007-05-31,1530.62,25.944666666666663,0.003941666666666667,5.25,7.8009,88.3,58.99555464193027,0.3099999999999996,6.810100000000014,9.200000000000003,3.0066074690454383,-2.0233172505259294,-1.067471207092796,-9.820735105253727
2007-06-30,1503.35,26.169999999999998,0.003841666666666667,5.25,10.636,85.3,57.445548337791365,0.2599999999999998,10.14606666666668,0.3999999999999915,-2.0233172505259294,-3.4532995014837113,-5.029924719571367,-2.011969887828504
2007-07-31,1455.27,26.43933333333333,0.004016666666666667,5.26,28.7886,90.4,55.04185682947125,0.019999999999999574,15.741833333333346,5.700000000000003,-3.4532995014837113,1.0893014507426273,-1.429982250957782,-8.150898830459361
2007-08-31,1473.99,26.708666666666666,0.0035,5.02,-1.5016,83.4,55.18770436562414,-0.23000000000000043,12.641000000000012,1.4000000000000057,1.0893014507426273,3.4077559831930158,4.542600952226339,6.3596413331169
2007-09-30,1526.75,26.978,0.003241666666666667,4.94,11.9168,83.4,56.59240862925346,-0.3099999999999996,13.067933333333349,-2.0,3.4077559831930158,1.305857122063948,2.3184545324503887,-4.636909064900777
2007-10-31,1549.38,27.229333333333333,0.00325,4.76,11.6295,80.9,56.90113602977182,-0.4900000000000002,7.348233333333348,-12.699999999999989,1.305857122063948,-4.529037740544252,-2.101898861129068,26.694115536339137
2007-11-30,1481.14,27.480666666666664,0.002725,4.49,2.8071,76.1,53.89752795905001,-0.7599999999999998,8.784466666666683,-16.0,-4.529037740544252,-0.9568204221073144,-5.8348948626082,93.3583178017312
2007-12-31,1468.36,27.732,0.0025,4.24,18.1362,75.5,52.94821866435886,-1.0,10.857600000000014,-16.200000000000003,-0.9568204221073144,-6.18704938389314,3.572217318436938,-57.8699205586784
2008-01-31,1378.55,27.921999999999997,0.0022916666666666667,3.94,24.1685,78.4,49.37146336222334,-1.31,15.037266666666682,-18.5,-6.18704938389314,-3.4828458646161917,-5.230228961785826,96.75923579303779
2008-02-29,1330.63,28.112,0.0017666666666666666,2.98,26.232,70.8,47.3331673306773,-2.28,22.84556666666668,-20.5,-3.4828458646161917,-0.5237114374394094,2.7042035192769487,-55.43617214517745
2008-03-31,1322.7,28.302,0.00105,2.61,3.2104,69.5,46.73521305914777,-2.65,17.870300000000015,-18.900000000000006,-0.5237114374394094,4.82633903295447,2.9591344271767825,-55.92764067364121
2008-04-30,1385.59,28.438666666666666,0.001075,2.28,13.4642,62.6,48.72204510291153,-2.97,14.302200000000015,-24.499999999999993,4.82633903295447,1.0951088605656287,5.35005047039388,-131.07623652465003
2008-05-31,1400.38,28.575333333333333,0.0014416666666666666,1.98,13.2069,59.8,49.0066024310011,-3.27,9.960500000000016,-28.5,1.0951088605656287,-8.580379777869826,-3.7312301723888415,106.34005991308199
2008-06-30,1280.0,28.712000000000003,0.0015500000000000002,2.0,24.1558,56.4,44.58066313736416,-3.25,16.942300000000014,-28.9,-8.580379777869826,-0.9345355902777747,-9.675488638435455,279.6216216507846
2008-07-31,1267.38,28.759333333333338,0.0013583333333333331,2.01,2.866,61.2,44.06847632073066,-3.25,13.409566666666683,-29.200000000000003,-0.9345355902777747,1.2651278665873908,7.6458441875920515,-223.25865027768793
2008-08-31,1282.83,28.80666666666667,0.0014333333333333333,2.0,15.7629,63.0,44.53239990742883,-3.0199999999999996,14.261566666666683,-20.400000000000006,1.2651278665873908,-8.985874843120282,2.1996634568651654,-44.87313452004938
2008-09-30,1166.36,28.854000000000003,0.0009416666666666666,1.81,-9.4708,70.3,40.42281832674845,-3.1300000000000003,3.0527000000000157,-13.100000000000009,-8.985874843120282,-16.793244786248565,-10.251002709707674,134.2881354971706
2008-10-31,968.75,28.698333333333334,0.0005583333333333333,0.97,18.5638,57.6,33.75631569777571,-3.79,8.285300000000015,-23.300000000000004,-16.793244786248565,-7.255208243727601,-7.807369943128283,181.911719674889
2008-11-30,896.24,28.54266666666667,0.00015833333333333332,0.39,8.306,55.3,31.400009342738354,-4.1000000000000005,5.799666666666681,-20.799999999999997,-7.255208243727601,1.0436018625963288,9.538036542520963,-198.391160084436
2008-12-31,903.25,28.387,2.4999999999999998e-05,0.16,11.3457,60.1,31.819142565258744,-4.08,12.738500000000016,-15.399999999999999,1.0436018625963288,-8.31815258172648,8.29881010632393,-127.80167563738851
2009-01-31,825.88,28.009666666666668,0.00010833333333333333,0.15,70.822,61.2,29.485534755858094,-3.79,30.157900000000016,-17.200000000000003,-8.31815258172648,-10.73930541429209,-9.36175444432281,161.02217644235233
2009-02-28,735.09,27.632333333333335,0.00025,0.22,77.8161,56.3,26.602530851538656,-2.76,53.327933333333355,-14.5,-10.73930541429209,8.831926600824387,-2.4211528325656104,35.10671607220135
2009-03-31,797.87,27.255000000000003,0.000175,0.18,31.003,57.3,29.274261603375525,-2.4299999999999997,59.880366666666696,-12.200000000000003,8.831926600824387,9.658055628666874,19.57123201511648,-238.7690305844211
2009-04-30,872.81,26.701333333333338,0.00013333333333333334,0.15,38.9557,65.1,32.68788075501847,-2.13,49.25826666666669,2.499999999999993,9.658055628666874,5.542792901344196,0.8261290278424873,2.0653225696062125
2009-05-31,919.14,26.14766666666667,0.00015,0.18,21.9618,68.7,35.151893731754264,-1.8,30.640166666666698,8.900000000000006,5.542792901344196,0.23663014702149848,-4.115262727322678,-36.62583827317186
2009-06-30,919.32,25.594,0.00015,0.21,24.9186,70.8,35.919356099085725,-1.79,28.61203333333336,14.399999999999999,0.23663014702149848,7.6260613883691795,-5.306162754322697,-76.40874366224683
2009-07-31,987.48,25.029666666666667,0.00015,0.16,26.3099,66.0,39.45238317196926,-1.8499999999999999,24.396766666666696,4.799999999999997,7.6260613883691795,3.548313361058227,7.389431241347681,35.46926995846884
2009-08-31,1020.62,24.465333333333334,0.00014166666666666668,0.16,32.887,65.7,41.71698730176031,-1.84,28.03850000000003,2.700000000000003,3.548313361058227,3.7574893692069358,-4.077748027310952,-11.009919673739583
2009-09-30,1057.08,23.901,9.999999999999999e-05,0.15,36.5844,73.5,44.22743818250282,-1.6600000000000001,31.927100000000035,3.200000000000003,3.7574893692069358,-1.7975430956555318,0.20917600814870863,0.6693632260758682
2009-10-31,1036.19,23.40233333333333,5.833333333333334e-05,0.12,54.9727,70.6,44.27720882533082,-0.85,41.4813666666667,12.999999999999993,-1.7975430956555318,5.916430799906925,-5.555032464862467,-72.21542204321203
2009-11-30,1095.63,22.903666666666666,4.1666666666666665e-05,0.12,24.6335,67.4,47.836445401755185,-0.27,38.73020000000003,12.100000000000009,5.916430799906925,1.9433049554441837,7.713973895562456,93.33908413630579
2009-12-31,1115.1,22.405,4.1666666666666665e-05,0.12,25.778,72.5,49.77014059361749,-0.04000000000000001,35.1280666666667,12.399999999999999,1.9433049554441837,-3.5362378560966063,-3.973125844462741,-49.26676047133798
2010-01-31,1073.87,22.238,4.9999999999999996e-05,0.11,35.8021,74.4,48.28986419642054,-0.039999999999999994,28.7378666666667,13.200000000000003,-3.5362378560966063,3.013475738838666,-5.4795428115407905,-72.32996511233846
2010-02-28,1104.49,22.070999999999998,9.166666666666667e-05,0.13,8.9274,73.6,50.042589823750625,-0.09,23.502500000000037,17.299999999999997,3.013475738838666,6.032401568446387,6.549713594935272,113.31004519238019
2010-03-31,1169.43,21.904,0.000125,0.16,16.6244,73.6,53.38887874360848,-0.01999999999999999,20.45130000000004,16.299999999999997,6.032401568446387,1.6190027430267566,3.018925829607721,49.20849102260584
2010-04-30,1186.69,21.94833333333333,0.00013333333333333334,0.2,27.6992,72.2,54.0674310881616,0.05000000000000002,17.75033333333337,7.1000000000000085,1.6190027430267566,-8.056485106566258,-4.41339882541963,-31.335131660479412
2010-05-31,1089.41,21.992666666666665,0.00013333333333333334,0.2,-4.9741,73.6,49.535148079662925,0.020000000000000018,13.116500000000038,4.8999999999999915,-8.056485106566258,-5.229667832435289,-9.675487849593015,-47.40989046300569
2010-06-30,1030.71,22.037,9.999999999999999e-05,0.18,59.3896,76.0,46.77179289376957,-0.03,27.371566666666705,5.200000000000003,-5.229667832435289,7.043471630666651,2.8268172741309696,14.69944982548105
2010-07-31,1101.6,22.142333333333333,0.00013333333333333334,0.18,14.9573,67.8,49.75085432128502,0.01999999999999999,23.124266666666703,1.7999999999999972,7.043471630666651,-4.589951686435893,12.27313946310194,22.091651033583457
2010-08-31,1049.33,22.247666666666667,0.00013333333333333334,0.19,29.0573,68.9,47.16584510735208,0.03,34.46806666666671,3.200000000000003,-4.589951686435893,8.920128439099246,-11.633423317102544,-37.22695461472817
2010-09-30,1141.2,22.353,0.000125,0.19,28.2687,68.2,51.05354985907932,0.04000000000000001,24.09443333333337,-5.299999999999997,8.920128439099246,3.8389032986719522,13.51008012553514,-71.6034246653362
2010-10-31,1183.26,22.478333333333335,0.00010833333333333333,0.19,22.6484,67.7,52.64002372655149,0.07,26.658133333333367,-2.8999999999999915,3.8389032986719522,-0.08150432796773786,-5.081225140427294,14.735552907239109
2010-11-30,1180.55,22.60366666666667,0.00011666666666666668,0.19,26.8168,71.6,52.228252053501635,0.07,25.911300000000036,4.199999999999989,-0.08150432796773786,6.678781288382547,-3.92040762663969,-16.465712031886653
2010-12-31,1257.64,22.729,0.00011666666666666668,0.18,18.6383,74.5,55.331954771437374,0.06,22.701166666666705,2.0,6.678781288382547,2.404215700306369,6.760285616350285,13.52057123270057
2011-01-31,1286.12,22.963,0.000125,0.17,24.2112,74.2,56.008361276836645,0.06000000000000001,23.22210000000004,-0.20000000000000284,2.404215700306369,3.3351284224385602,-4.274565588076178,0.8549131176152477
2011-02-28,1327.22,23.197000000000003,0.00010833333333333333,0.16,18.6508,77.5,57.2151571323878,0.03,20.500100000000042,3.9000000000000057,3.3351284224385602,0.03405476610256448,0.9309127221321911,3.6305596163155505
2011-03-31,1325.83,23.431000000000004,8.333333333333333e-05,0.14,-1.7329,67.5,56.584439417865205,-0.01999999999999999,13.70970000000004,-6.099999999999994,0.03405476610256448,2.993714851158233,-3.301073656335996,20.136549303649556
2011-04-30,1363.61,23.73433333333334,4.9999999999999996e-05,0.1,7.4707,69.8,57.45305675322667,-0.1,8.129533333333374,-2.4000000000000057,2.993714851158233,-1.206526409880943,2.9596600850556687,-7.103184204133622
2011-05-31,1345.2,24.03766666666667,3.3333333333333335e-05,0.09,5.4421,74.3,55.96217048243728,-0.11000000000000001,3.7266333333333734,0.7000000000000028,-1.206526409880943,-1.6782949251660104,-4.200241261039176,-2.940168882727435
2011-06-30,1320.64,24.341,3.3333333333333335e-05,0.09,5.364,71.5,54.255782424715505,-0.09,6.092266666666707,-4.5,-1.6782949251660104,-1.995416717147245,-0.47176851528506747,2.1229583187828034
2011-07-31,1292.28,24.621000000000002,3.3333333333333335e-05,0.07,36.5825,63.7,52.486901425612274,-0.10999999999999999,15.796200000000042,-4.099999999999994,-1.995416717147245,-5.520201091610678,-0.3171217919812346,1.30019934712306
2011-08-31,1218.89,24.901,1.6666666666666667e-05,0.1,38.6148,55.8,48.949439781534885,-0.09,26.85376666666671,-13.100000000000009,-5.520201091610678,-7.004876629556398,-3.524784374463433,46.174675305471006
2011-09-30,1131.42,25.181,8.333333333333334e-06,0.08,77.2966,59.5,44.93149596918312,-0.11,50.83130000000005,-8.700000000000003,-7.004876629556398,10.959158864278699,-1.4846755379457193,12.916677180127762
2011-10-31,1253.3,25.595666666666666,1.6666666666666667e-05,0.07,19.8831,60.8,48.965319650461666,-0.12,45.26483333333337,-6.900000000000006,10.959158864278699,-0.3337522052891333,17.964035493835098,-123.95184490746227
2011-11-30,1246.96,26.010333333333328,8.333333333333334e-06,0.08,2.5655,63.7,47.94094654688522,-0.11,33.24840000000004,-7.8999999999999915,-0.3337522052891333,1.0290379803682466,-11.292911069567833,89.21399744958578
2011-12-31,1257.6,26.424999999999997,8.333333333333334e-06,0.07,22.1362,69.9,47.59129612109745,-0.10999999999999999,14.861600000000044,-4.599999999999994,1.0290379803682466,4.532953332626543,1.3627901856573799,-6.26883485402394
2012-01-31,1312.41,26.734333333333332,2.4999999999999998e-05,0.08,17.5015,75.0,49.09080707704201,-0.09000000000000001,14.067733333333377,0.7999999999999972,4.532953332626543,4.223162589350039,3.5039153522582964,2.803132281806627
2012-02-29,1365.68,27.043666666666667,7.5e-05,0.1,19.9323,75.3,50.49906940626887,-0.06,19.85666666666671,-2.200000000000003,4.223162589350039,3.293478071973916,-0.3097907432765039,0.6815396352083095
2012-03-31,1408.47,27.352999999999998,6.666666666666667e-05,0.13,11.2778,76.2,51.49234087668629,-0.010000000000000009,16.237200000000044,8.700000000000003,3.293478071973916,-0.5926729161588264,-0.9296845173761232,-8.088255301172275
2012-04-30,1397.91,27.675333333333334,6.666666666666667e-05,0.14,11.1367,76.4,50.511044732975215,0.04000000000000001,14.115600000000043,6.6000000000000085,-0.5926729161588264,-6.105665197409792,-3.8861509881327425,-25.648596521676133
2012-05-31,1310.33,27.997666666666667,7.5e-05,0.16,30.2724,79.3,46.80140011667638,0.07,17.562300000000047,5.0,-6.105665197409792,4.1280994291514395,-5.512992281250965,-27.564961406254827
2012-06-30,1362.16,28.32,7.5e-05,0.16,4.5996,73.2,48.09887005649718,0.07,15.33623333333338,1.7000000000000028,4.1280994291514395,1.4272746552860298,10.233764626561232,17.397399865154124
2012-07-31,1379.32,28.743333333333332,8.333333333333333e-05,0.16,13.6199,72.3,47.98747535660443,0.09,16.163966666666713,8.599999999999994,1.4272746552860298,2.144216876592982,-2.70082477386541,-23.22709305524251
2012-08-31,1406.58,29.166666666666664,8.333333333333333e-05,0.13,15.3676,74.3,48.2256,0.03,11.195700000000045,18.5,2.144216876592982,2.5897493802935894,0.7169422213069521,13.263431094178614
2012-09-30,1440.67,29.59,9.166666666666667e-05,0.14,14.0605,78.3,48.687732342007436,0.06000000000000001,14.349333333333377,18.799999999999997,2.5897493802935894,-1.8129201226819873,0.4455325037006075,8.376011069571419
2012-10-31,1412.16,30.142314022689746,8.333333333333333e-05,0.16,17.6835,82.6,46.849754101061755,0.09,15.703866666666707,21.799999999999997,-1.8129201226819873,0.4583031434432548,-4.402669502975577,-95.97819516486757
2012-11-30,1416.18,30.694628045379496,7.5e-05,0.16,5.7418,82.7,46.137714974304096,0.08,12.495266666666708,19.0,0.4583031434432548,0.8848664251017401,2.2712232661252423,43.153242056379604
2012-12-31,1426.19,31.246942068069245,5.833333333333334e-05,0.16,17.928,72.9,45.64254629759118,0.09,13.784433333333375,3.0,0.8848664251017401,5.221235964360762,0.4265632816584853,1.279689844975456
2013-01-31,1498.11,31.535275401402576,5.833333333333334e-05,0.14,8.8522,73.8,47.50584800452922,0.06000000000000001,10.840666666666712,-1.2000000000000028,5.221235964360762,1.2747478419182496,4.336369539259022,-5.203643447110839
2013-02-28,1514.68,31.823608734735906,8.333333333333333e-05,0.15,13.4413,77.6,47.59611056764615,0.04999999999999999,13.407166666666711,2.299999999999997,1.2747478419182496,3.767950601601597,-3.9464881224425126,-9.076922681617768
2013-03-31,1569.19,32.11194206806924,7.5e-05,0.14,5.4056,78.6,48.8662441117299,0.010000000000000009,9.233033333333378,2.3999999999999915,3.767950601601597,1.9761534497604611,2.4932027596833475,5.983686623240013
2013-04-30,1597.57,32.49674181955436,4.9999999999999996e-05,0.15,2.8809,76.4,49.16092846694832,0.009999999999999981,7.242600000000045,0.0,1.9761534497604611,2.2444635371795942,-1.7917971518411357,-0.0
2013-05-31,1630.74,32.88154157103948,3.3333333333333335e-05,0.11,11.2259,84.5,49.594390107192524,-0.05,6.504133333333378,5.200000000000003,2.2444635371795942,-1.3341030691458928,0.2683100874191331,1.3952124545794928
2013-06-30,1606.28,33.266341322524596,4.1666666666666665e-05,0.09,4.4336,84.1,48.285442165904485,-0.07,6.180133333333377,10.899999999999991,-1.3341030691458928,5.1174298137211665,-3.578566606325487,-39.006376008947775
2013-07-31,1685.73,33.645531342082776,3.3333333333333335e-05,0.09,6.9345,85.1,50.102641651301305,-0.07,7.531333333333378,12.799999999999997,5.1174298137211665,-2.9649349274911496,6.45153288286706,82.57962090069834
2013-08-31,1632.97,34.02472136164096,3.3333333333333335e-05,0.08,16.0349,82.1,47.993633295142565,-0.05,9.134333333333377,7.799999999999997,-2.9649349274911496,3.1488500369531067,-8.082364741212317,-63.04244498145604
2013-09-30,1681.55,34.403911381199144,1.6666666666666667e-05,0.08,14.5738,77.5,48.876710016144386,-0.06000000000000001,12.514400000000045,-0.7999999999999972,3.1488500369531067,4.626877883619502,6.113784964444257,-4.891027971555388
2013-10-31,1756.54,34.59995562404514,4.1666666666666665e-05,0.09,5.68,73.2,50.76711713408377,-0.07,12.096233333333378,-9.399999999999991,4.626877883619502,2.9641910700718976,1.4780278466663956,-13.893461758664106
2013-11-30,1805.81,34.79599986689113,5.833333333333334e-05,0.08,11.1871,75.1,51.89705733153117,-0.08,10.480300000000044,-7.6000000000000085,2.9641910700718976,2.5119289825144806,-1.6626868135476047,12.63641978296181
2013-12-31,1848.36,34.99204410973712,5.833333333333334e-05,0.09,9.5654,82.5,52.82229281042952,-0.07,8.81083333333338,9.599999999999994,2.5119289825144806,-3.402004216211673,-0.45226208755741704,-4.341716040551201
2014-01-31,1782.59,35.40392243076026,3.3333333333333335e-05,0.07,18.5216,81.2,50.35007077213621,-0.07,13.091366666666714,7.400000000000006,-3.402004216211673,4.474970435114939,-5.913933198726154,-43.76310567057357
2014-02-28,1859.45,35.8158007517834,4.1666666666666665e-05,0.07,9.1573,81.6,51.91702994124489,-0.07999999999999999,12.414766666666713,4.0,4.474970435114939,0.8514074684844348,7.876974651326611,31.507898605306444
2014-03-31,1872.34,36.22767907280654,4.1666666666666665e-05,0.08,5.2474,80.0,51.68258215595788,-0.06000000000000001,10.97543333333338,1.4000000000000057,0.8514074684844348,0.7805309116200045,-3.623562966630504,-5.072988153282726
2014-04-30,1883.95,36.61201164751149,2.4999999999999998e-05,0.09,5.5559,84.1,51.45715614148866,-0.06,6.653533333333381,7.699999999999989,0.7805309116200045,2.2641752666039205,-0.07087655686443028,-0.5457494878561124
2014-05-31,1923.57,36.99634422221644,2.4999999999999998e-05,0.09,5.3777,81.9,51.99351558754524,-0.020000000000000004,5.393666666666714,-2.5999999999999943,2.2641752666039205,2.0644394225187317,1.483644354983916,-3.857475322958173
2014-06-30,1960.23,37.38067679692139,3.3333333333333335e-05,0.1,8.2195,82.5,52.439660486870615,0.010000000000000009,6.384366666666715,-1.5999999999999943,2.0644394225187317,-1.349994986571336,-0.19973584408518885,0.31957735053630104
2014-07-31,1930.67,37.75198829679195,2.4999999999999998e-05,0.09,17.2004,81.8,51.1408825628414,0.0,10.265866666666712,-3.299999999999997,-1.349994986571336,3.927583424392653,-3.4144344090900676,11.267633549997214
2014-08-31,2003.37,38.1232997966625,2.4999999999999998e-05,0.09,5.5348,82.5,52.54975331845185,0.009999999999999995,10.318233333333378,0.4000000000000057,3.927583424392653,-3.6391433047958666,5.277578410963989,2.1110313643856258
2014-09-30,1927.29,38.49461129653305,1.6666666666666667e-05,0.09,15.8906,84.6,50.06648814177214,0.009999999999999995,12.875266666666713,7.099999999999994,-3.6391433047958666,4.875348848621925,-7.566726729188519,-53.72375977723844
2014-10-31,2018.05,38.81078789526535,1.6666666666666667e-05,0.09,10.8885,86.9,51.99714072916794,0.0,10.771300000000048,13.700000000000003,4.875348848621925,2.613262615288687,8.514492153417791,116.64854250182377
2014-11-30,2067.56,39.12696449399765,1.6666666666666667e-05,0.09,10.9088,88.8,52.84233077465486,0.009999999999999995,12.562633333333382,13.700000000000003,2.613262615288687,-0.2623750012384422,-2.2620862333332385,-30.990581396665373
2014-12-31,2058.9,39.443141092729945,2.4999999999999998e-05,0.12,17.5331,93.6,52.19918959191339,0.03,13.110133333333382,11.099999999999994,-0.2623750012384422,-2.9451007792289334,-2.875637616527129,-31.919577543451116
2015-01-31,1994.98999,39.8976306774656,2.4999999999999998e-05,0.11,16.2958,98.1,50.00271836008501,0.039999999999999994,14.912566666666715,16.89999999999999,-2.9451007792289334,5.656140503008243,-2.682725777990491,-45.338065648039276
2015-02-28,2104.5,40.352120262201254,1.6666666666666667e-05,0.11,7.9046,95.4,52.15339333659086,0.039999999999999994,13.911166666666716,13.800000000000011,5.656140503008243,-1.5805259529304692,8.601241282237176,118.69712969487313
2015-03-31,2067.889893,40.80660984693691,2.4999999999999998e-05,0.11,9.7785,93.0,50.675366092810165,0.03,11.326300000000051,13.0,-1.5805259529304692,1.0161172589623535,-7.236666455938712,-94.07666392720326
2015-04-30,2085.51001,41.11840716793592,1.6666666666666667e-05,0.12,10.7024,95.9,50.71962056998837,0.03,9.461833333333383,11.800000000000011,1.0161172589623535,1.213019425429563,2.5966432118928227,30.640389900335336
2015-05-31,2107.389893,41.43020448893493,1.6666666666666667e-05,0.12,9.1241,90.7,50.866026827428186,0.03,9.868333333333382,8.799999999999997,1.213019425429563,-1.9377718926003862,0.19690216646720948,1.732739064911443
2015-06-30,2063.110107,41.74200180993394,1.6666666666666667e-05,0.13,18.7258,96.1,49.42527951567987,0.03,12.850766666666715,13.599999999999994,-1.9377718926003862,2.141342216562656,-3.150791318029949,-42.85076192520729
2015-07-31,2103.840088,41.9981333764469,2.4999999999999998e-05,0.13,0.9648,93.1,50.093657000000405,0.04000000000000001,9.604900000000047,11.299999999999997,2.141342216562656,-6.096545549800676,4.079114109163042,46.09398943354236
2015-08-31,1972.180054,42.254264942959864,5.833333333333334e-05,0.14,11.7472,91.9,46.67410631003278,0.05000000000000002,10.479266666666712,9.400000000000006,-6.096545549800676,-2.466324589707589,-8.237887766363333,-77.43614500381537
2015-09-30,1920.030029,42.51039650947283,1.6666666666666667e-05,0.14,16.2587,87.2,45.16612844512399,0.05000000000000002,9.656900000000048,2.6000000000000085,-2.466324589707589,8.48241865116405,3.630220960093087,9.438574496242056
2015-10-31,2079.360107,42.8028934599586,1.6666666666666667e-05,0.12,4.276,90.0,48.579895864872014,0.03,10.760633333333383,3.0999999999999943,8.48241865116405,0.21319787316204206,10.94874324087164,33.94110404670202
2015-11-30,2080.409912,43.095390410444374,9.999999999999999e-05,0.12,14.1915,91.3,48.274534519492434,0.03,11.57540000000005,2.5,0.21319787316204206,-1.5983897577707624,-8.269220778002008,-20.67305194500502
2015-12-31,2043.939941,43.387887360930144,0.00019166666666666667,0.24,9.1229,92.6,47.108538011936574,0.12,9.19680000000005,-1.0,-1.5983897577707624,-4.917638642462985,-1.8115876309328045,1.8115876309328045
2016-01-31,1940.24,43.55057143838622,0.00021666666666666666,0.34,15.816,92.0,44.55142460633339,0.23000000000000004,13.043466666666717,-6.099999999999994,-4.917638642462985,-0.25092036931924516,-3.3192488846922226,20.24741819662254
2016-02-29,1932.23,43.7132555158423,0.00025833333333333334,0.38,2.0148,91.7,44.202381570499426,0.27,8.984566666666717,-3.700000000000003,-0.25092036931924516,6.764172625210666,4.66671827314374,-17.266857610631853
2016-03-31,2059.74,43.87593959329838,0.00024166666666666664,0.36,5.078,91.0,46.944635695382466,0.25,7.636266666666718,-2.0,6.764172625210666,0.42907188739622254,7.015092994529911,-14.030185989059822
2016-04-30,2065.3,44.07058552145557,0.00019166666666666667,0.37,12.6402,89.0,46.863457237129694,0.25,6.577666666666718,-6.900000000000006,0.42907188739622254,1.6885719647251045,-6.335100737814443,43.71219509091969
2016-05-31,2096.95,44.26523144961276,0.00022500000000000002,0.37,8.7618,94.7,47.372394344915236,0.25,8.826666666666718,4.0,1.6885719647251045,0.24526936891586354,1.259500077328882,5.038000309315528
2016-06-30,2098.86,44.459877377769956,0.00022500000000000002,0.38,0.0348,93.5,47.20795746165137,0.25,7.1456000000000515,-2.5999999999999943,0.24526936891586354,3.7132534726037494,-1.443302595809241,3.7525867491040183
2016-07-31,2173.6,44.64848202109421,0.00025,0.39,6.6532,90.0,48.68250613700777,0.26,5.149933333333384,-3.0999999999999943,3.7132534726037494,0.024982696388552376,3.467984103687886,-10.750750721432427
2016-08-31,2170.95,44.837086664418464,0.00025,0.4,11.2992,89.8,48.41862309762442,0.26,5.9957333333333835,-2.1000000000000085,0.024982696388552376,0.025219129519897607,-3.688270776215197,7.745368630051946
2016-09-30,2168.27,45.02569130774271,0.00024166666666666664,0.4,5.6036,91.2,48.15628449056461,0.26,7.85200000000005,4.0,0.025219129519897607,-1.7961501910371072,0.000236433131345231,0.000945732525380924
2016-10-31,2126.15,45.25066203359443,0.000275,0.4,17.1324,87.2,46.986052898442246,0.28,11.345066666666717,-2.799999999999997,-1.7961501910371072,3.558184032795758,-1.8213693205570047,5.099834097559608
2016-11-30,2198.81,45.47563275944614,0.00037500000000000006,0.41,6.3864,93.8,48.35138878948894,0.29,9.707466666666718,2.5,3.558184032795758,1.9507774375127775,5.354334223832865,13.385835559582162
2016-12-31,2238.83,45.70060348529786,0.00042500000000000003,0.54,12.5386,98.2,48.98906861744712,0.30000000000000004,12.019133333333386,5.6000000000000085,1.9507774375127775,1.9168912927018,-1.6074065952829804,-9.001476933584703
2017-01-31,2278.870117,45.92787694074595,0.00042500000000000003,0.65,7.4651,98.5,49.618451119351626,0.31,8.796700000000053,6.5,1.9168912927018,3.8452620662883956,-0.033886144810977514,-0.22025994127135384
2017-02-28,2363.639893,46.15515039619405,0.0004333333333333333,0.66,10.9366,96.3,51.21075053836041,0.28,10.313433333333386,4.599999999999994,3.8452620662883956,0.06294114674684197,1.9283707735865956,8.870505558498328
2017-03-31,2362.719971,46.382423851642145,0.0006166666666666667,0.79,7.1965,96.9,50.939984908019184,0.43000000000000005,8.532733333333384,5.900000000000006,0.06294114674684197,1.0070289496055311,-3.7823209195415535,-22.315693425295187
2017-04-30,2384.199951,46.66128904097401,0.0006666666666666666,0.9,4.493,97.0,51.09588697616983,0.53,7.542033333333386,8.0,1.0070289496055311,1.2475252285946816,0.9440878028586892,7.552702422869514
2017-05-31,2411.800049,46.94015423030588,0.0007416666666666666,0.91,5.7031,97.1,51.38031795052932,0.54,5.797533333333386,2.3999999999999915,1.2475252285946816,0.5628635999039415,0.2404962789891505,0.5771910695739592
2017-06-30,2423.409912,47.219019419637746,0.0008166666666666666,1.04,5.9955,95.0,51.32274964168648,0.66,5.397200000000052,1.5,0.5628635999039415,2.0091806807728037,-0.6846616286907401,-1.0269924430361101
2017-07-31,2470.300049,47.537047272445676,0.0008916666666666668,1.15,5.8568,93.4,51.96578649157879,0.7599999999999999,5.851800000000051,3.4000000000000057,2.0091806807728037,0.13191137329716437,1.4463170808688621,4.91747807495414
2017-08-31,2471.649902,47.85507512525361,0.0008416666666666667,1.16,4.5638,96.8,51.648647411603065,0.7599999999999999,5.4720333333333855,7.0,0.13191137329716437,2.006883365998452,-1.8772693074756392,-13.140885152329474
2017-09-30,2519.360107,48.17310297806154,0.0008583333333333333,1.15,4.9171,95.1,52.2980657514908,0.7499999999999999,5.112566666666718,3.8999999999999915,2.006883365998452,2.289826677380273,1.8749719927012878,7.312390771535006
2017-10-31,2575.26001,48.4260750972436,0.0008916666666666668,1.15,6.5894,100.7,53.17920159394836,0.7499999999999999,5.356766666666719,13.5,2.289826677380273,0.42702576497451844,0.2829433113818207,3.8197347036545795
2017-11-30,2584.840088,48.67904721642566,0.001025,1.16,6.9722,98.5,53.099644216697065,0.75,6.159566666666719,4.700000000000003,0.42702576497451844,3.482008948987155,-1.8628009124057545,-8.755164288307052
2017-12-31,2673.610107,48.93201933560771,0.0011,1.3,6.1073,95.9,54.639275944502465,0.76,6.556300000000053,-2.299999999999997,3.482008948987155,5.655426738390919,3.0549831840126367,-7.026461323229055
2018-01-31,2823.81,50.55,0.0012,1.41,10.0329,95.7,55.86172106824926,0.7599999999999999,7.704133333333385,-2.799999999999997,5.655426738390919,-3.8809802565800524,2.1734177894037643,-6.085569810330534
2018-02-28,2713.83,50.69,0.0013583333333333331,1.42,-5.9018,99.7,53.53777865456698,0.7599999999999999,3.412800000000052,3.4000000000000057,-3.8809802565800524,-2.6737277513084163,-9.53640699497097,-32.42378378290135
2018-03-31,2640.87,50.93,0.0014166666666666666,1.51,8.6653,101.4,51.85293540153151,0.72,4.265466666666719,4.5,-2.6737277513084163,0.2796994677259179,1.207252505271636,5.432636273722363
2018-04-30,2648.05,51.07,0.0015333333333333332,1.69,-1.9751,98.8,51.85138045819464,0.7899999999999999,0.2628000000000525,1.7999999999999972,0.2796994677259179,2.164428714840474,2.9534272190343343,5.316168994261793
2018-05-31,2705.27,51.19,0.0015749999999999998,1.7,9.4048,98.0,52.847626489548745,0.7899999999999999,5.365000000000052,0.9000000000000057,2.164428714840474,0.485196169575191,1.884729247114556,1.696256322403111
2018-06-30,2718.37,51.44,0.0015749999999999998,1.82,13.2745,98.2,52.84545101088647,0.78,6.901400000000052,3.200000000000003,0.485196169575191,3.595397355155241,-1.679232545265283,-5.3735441448489105
2018-07-31,2816.29,51.89,0.0016583333333333333,1.91,8.1409,97.9,54.27423395644633,0.76,10.273400000000054,4.5,3.595397355155241,3.008605875696986,3.11020118558005,13.995905335110224
2018-08-31,2901.52,52.31,0.001725,1.91,8.503,96.2,55.46778818581533,0.75,9.972800000000051,-0.5999999999999943,3.008605875696986,0.4016208745760929,-0.5867914794582552,0.35207488767494977
2018-09-30,2913.98,52.7,0.0017916666666666665,1.95,7.9528,100.1,55.29373814041745,0.8,8.198900000000053,5.0,0.4016208745760929,-6.979372261763421,-2.606985001120893,-13.034925005604466
2018-10-31,2711.74,53.08,0.0019083333333333333,2.19,-2.2509,98.6,51.08779201205727,1.04,4.734966666666719,-2.1000000000000085,-6.979372261763421,1.7577509643255045,-7.380993136339514,15.500085586313043
2018-11-30,2760.17,53.74,0.0019333333333333331,2.2,2.7329,97.5,51.36155563825828,1.0400000000000003,2.811600000000052,-1.0,1.7577509643255045,-9.213514868045571,8.737123226088926,-8.737123226088926
2018-12-31,2506.85,54.38,0.002,2.27,-4.0034,98.3,46.09874954027215,0.97,-1.1737999999999482,2.3999999999999915,-9.213514868045571,,-10.971265832371076,-26.331037997690487
