Date,Index,D12,Rfree,fed_funds,VRP,ICS_ALL,pd,ff12_D,vrp3,sent12_D,ersf,ersf_t1,ersf_D,sent_x_ersf_D,Google,Google_D,Google_D2
2004-01-31,1131.13,17.598000000000003,0.0007333333333333333,1.0,14.086,103.8,64.27605409705649,-0.24,16.151066666666683,21.39999999999999,1.7861979279084856,1.274621329997429,-3.352254160543607,-71.73823903563317,28.0,0.2737430167597765,0.1604818825879342
2004-02-29,1144.94,17.811,0.0007750000000000001,1.01,9.8728,94.4,64.282746617259,-0.25,14.91753333333335,14.5,1.274621329997429,-1.5830410036042704,-0.5115765979110567,-7.417860669710322,28.0,0.0,-0.2737430167597765
2004-03-31,1126.21,18.024,0.0007833333333333333,1.0,9.4462,95.8,62.48391034176653,-0.25,11.135000000000014,18.200000000000003,-1.5830410036042704,-1.6226229813070294,-2.8576623336016995,-52.00945447155094,26.0,-2.0,-2.0
2004-04-30,1107.3,18.216666666666665,0.0007833333333333333,1.0,13.4427,94.2,60.78499542543459,-0.26,10.920566666666682,8.200000000000003,-1.6226229813070294,1.2618898321241938,-0.039581977702759064,-0.3245722171626244,25.0,-1.0,1.0
2004-05-31,1120.68,18.409333333333333,0.0008500000000000001,1.0,5.2403,90.2,60.87564278988919,-0.26,9.376400000000016,-1.8999999999999915,1.2618898321241938,1.831398228456518,2.8845128134312232,-5.480574345519299,23.0,-2.0,-1.0
2004-06-30,1140.84,18.601999999999997,0.0010583333333333332,1.03,10.6631,95.6,61.328889366734764,-0.18999999999999995,9.78203333333335,5.8999999999999915,1.831398228456518,-3.4026402475368958,0.5695083963323242,3.360099538360708,19.0,-4.0,-2.0
2004-07-31,1101.72,18.788999999999998,0.0011083333333333333,1.26,10.0533,96.7,58.63643621267764,0.25,8.65223333333335,5.799999999999997,-3.4026402475368958,0.2489330622420657,-5.2340384759934135,-30.357423160761783,17.0,-2.0,2.0
2004-08-31,1104.24,18.976,0.0012333333333333335,1.43,10.4318,95.9,58.191399662731875,0.3999999999999999,10.38273333333335,6.6000000000000085,0.2489330622420657,0.9435074500712298,3.6515733097789616,24.100383844541177,18.0,1.0,3.0
2004-09-30,1114.58,19.163,0.0013750000000000001,1.61,9.0262,94.2,58.16312685905129,0.6000000000000001,9.837100000000015,6.5,0.9435074500712298,1.3987286092818285,0.6945743878291641,4.514733520889567,19.0,1.0,0.0
2004-10-31,1130.2,19.256,0.0014666666666666667,1.76,14.1218,91.7,58.69339426672206,0.75,11.193266666666682,2.1000000000000085,1.3987286092818285,3.8296603845926827,0.4552211592105987,0.9559644343422611,25.0,6.0,5.0
2004-11-30,1173.82,19.349,0.001725,1.93,6.6873,92.8,60.66566747635537,0.9299999999999999,9.945100000000016,-0.9000000000000057,3.8296603845926827,3.201337953576079,2.430931775310854,-2.1878385977797823,27.0,2.0,-4.0
2004-12-31,1211.92,19.442,0.001825,2.16,8.9618,97.1,62.335150704660016,1.1800000000000002,9.923633333333347,4.5,3.201337953576079,-2.5877308733249764,-0.6283224310166036,-2.827450939574716,25.0,-2.0,-4.0
2005-01-31,1181.27,19.703000000000003,0.0019416666666666668,2.28,5.7193,95.5,59.953814139978675,1.2799999999999998,7.122800000000015,-8.299999999999997,-2.5877308733249764,1.819508819603747,-5.7890688269010555,48.04927126327875,27.0,2.0,4.0
2005-02-28,1203.6,19.964000000000002,0.0021166666666666664,2.5,7.5783,94.1,60.288519334802636,1.49,7.419800000000014,-0.30000000000001137,1.819508819603747,-2.000066744211806,4.407239692928723,-1.322171907878667,27.0,0.0,-2.0
2005-03-31,1180.59,20.225,0.0022833333333333334,2.63,8.7577,92.6,58.372805933250916,1.63,7.3517666666666805,-3.200000000000003,-2.000066744211806,-2.0981180925544787,-3.819575563815553,12.22264180420978,26.0,-1.0,-1.0
2005-04-30,1156.85,20.458333333333336,0.0023166666666666665,2.79,7.8733,87.7,56.54663951120162,1.79,8.06976666666668,-6.5,-2.0981180925544787,2.907587606191143,-0.09805134834267282,0.6373337642273733,26.0,0.0,1.0
2005-05-31,1191.5,20.69166666666667,0.0023666666666666667,3.0,6.82,86.9,57.58356826419653,2.0,7.817000000000014,-3.299999999999997,2.907587606191143,-0.11541859001258767,5.005705698745622,-16.51882880586054,20.0,-6.0,-6.0
2005-06-30,1191.33,20.925,0.002475,3.04,5.9874,96.0,56.93333333333333,2.01,6.893566666666682,0.4000000000000057,-0.11541859001258767,3.476130137465421,-3.0230061962037307,-1.2092024784815094,18.0,-2.0,4.0
2005-07-31,1234.18,21.107000000000003,0.002683333333333333,3.26,5.2186,96.5,58.47254465343251,1.9999999999999998,6.008666666666682,-0.20000000000000284,3.476130137465421,-1.2651233477558836,3.591548727478009,-0.718309745495612,16.0,-2.0,0.0
2005-08-31,1220.33,21.289,0.0028666666666666667,3.5,6.5591,89.1,57.32209122081826,2.0700000000000003,5.9217000000000155,-6.800000000000011,-1.2651233477558836,0.5565141805905007,-4.741253485221305,32.24052369950493,18.0,2.0,4.0
2005-09-30,1228.81,21.471000000000004,0.00285,3.62,5.3559,76.9,57.23114899166316,2.01,5.711200000000015,-17.299999999999997,0.5565141805905007,-1.9359483135897466,1.8216375283463844,-31.514329240392446,19.0,1.0,-1.0
2005-10-31,1207.01,21.719333333333335,0.0030916666666666666,3.78,7.0583,74.2,55.573068541084744,2.0199999999999996,6.3244333333333485,-17.5,-1.9359483135897466,3.346946025486304,-2.4924624941802476,43.618093648154336,21.0,2.0,1.0
2005-11-30,1249.48,21.96766666666667,0.0032333333333333333,4.0,6.8256,81.6,56.87813908319803,2.0700000000000003,6.413266666666682,-11.200000000000003,3.346946025486304,-0.2712379816670483,5.2828943390760505,-59.168416597651785,24.0,3.0,1.0
2005-12-31,1248.29,22.216,0.003241666666666667,4.16,7.1476,91.5,56.18878285920057,2.0,7.010500000000015,-5.599999999999994,-0.2712379816670483,2.342924035636308,-3.6181840071533524,20.261830440058752,21.0,-3.0,-6.0
2006-01-31,1280.08,22.405333333333335,0.003533333333333333,4.29,6.9877,91.2,57.13282551773386,2.0100000000000002,6.986966666666682,-4.299999999999997,2.342924035636308,-0.17676549729530053,2.6141620173033564,-11.240896674404425,27.0,6.0,9.0
2006-02-28,1280.66,22.594666666666665,0.0036916666666666664,4.49,7.2603,86.7,56.67974743302255,1.9900000000000002,7.1318666666666815,-7.3999999999999915,-0.17676549729530053,0.8820076757296905,-2.5196895329316087,18.645702543693883,26.0,-1.0,-7.0
2006-03-31,1294.87,22.784,0.0037583333333333336,4.59,5.1758,88.9,56.83242626404494,1.96,6.474600000000014,-3.6999999999999886,0.8820076757296905,0.9802634412892617,1.058773173024991,-3.9174607401924546,23.0,-3.0,-2.0
2006-04-30,1310.61,23.001666666666665,0.003833333333333333,4.79,3.9782,87.4,56.97891457140787,2.0,5.471433333333348,-0.29999999999999716,0.9802634412892617,-3.3373865265453135,0.09825576555957116,-0.02947672966787107,24.0,1.0,4.0
2006-05-31,1270.09,23.219333333333335,0.003933333333333333,4.94,10.6306,79.1,54.69967555772488,1.9400000000000004,6.59486666666668,-7.800000000000011,-3.3373865265453135,-0.23673067131724637,-4.317649967834575,33.67766974910974,25.0,1.0,0.0
2006-06-30,1270.2,23.437,0.003991666666666667,4.99,0.0714,84.9,54.19635618893203,1.9500000000000002,4.893400000000014,-11.099999999999994,-0.23673067131724637,0.25128435591945614,3.100655855228067,-34.41727999303153,20.0,-5.0,-6.0
2006-07-31,1276.66,23.656666666666666,0.004125,5.24,8.5007,84.7,53.96618289418064,1.9800000000000004,6.400900000000014,-11.799999999999997,0.25128435591945614,1.8699444731652113,0.48801502723670254,-5.758577321393089,17.0,-3.0,2.0
2006-08-31,1303.82,23.87633333333333,0.0041333333333333335,5.25,4.0997,82.0,54.607212162671544,1.75,4.223933333333347,-7.099999999999994,1.8699444731652113,2.2098031042117277,1.618660117245755,-11.492486832444852,15.0,-2.0,1.0
2006-09-30,1335.85,24.095999999999997,0.004008333333333333,5.25,6.9885,85.4,55.438662018592304,1.63,6.529633333333347,8.5,2.2098031042117277,2.8927577114862553,0.33985863104651637,2.888798363895389,18.0,3.0,5.0
2006-10-31,1377.94,24.358666666666664,0.0041,5.25,5.4026,93.6,56.568777710876354,1.4700000000000002,5.496933333333348,19.39999999999999,2.8927577114862553,1.3838961138446595,0.6829546072745276,13.24931938112583,23.0,5.0,2.0
2006-11-30,1400.63,24.621333333333332,0.004116666666666667,5.25,4.3349,92.1,56.88684609552692,1.25,5.575333333333347,10.5,1.3838961138446595,1.0054609056876675,-1.5088615976415958,-15.843046775236756,22.0,-1.0,-6.0
2006-12-31,1418.3,24.884,0.0040416666666666665,5.24,6.9593,91.7,56.99646359106253,1.08,5.565600000000013,0.20000000000000284,1.0054609056876675,1.1383110844751503,-0.37843520815699194,-0.07568704163139947,21.0,-1.0,0.0
2007-01-31,1438.24,25.087333333333333,0.00415,5.25,3.8813,96.9,57.32932954213282,0.96,5.058500000000013,5.700000000000003,1.1383110844751503,-2.4572440699126137,0.13285017878748273,0.757246019088652,23.0,2.0,3.0
2007-02-28,1406.82,25.290666666666667,0.004191666666666667,5.26,12.8325,91.3,55.62605440742303,0.7699999999999996,7.891033333333346,4.599999999999994,-2.4572440699126137,0.7373431569070572,-3.595555154387764,-16.539553710183693,30.0,7.0,5.0
2007-03-31,1420.86,25.494,0.004116666666666667,5.26,0.6281,88.4,55.7331136738056,0.6699999999999999,5.780633333333346,-0.5,0.7373431569070572,4.074078676138234,3.194587226819671,-1.5972936134098354,30.0,0.0,-7.0
2007-04-30,1482.37,25.71933333333333,0.004058333333333333,5.25,12.0013,87.1,57.63640840871977,0.45999999999999996,8.487300000000014,-0.30000000000001137,4.074078676138234,3.0066074690454383,3.336735519231177,-1.001020655769391,23.0,-7.0,-7.0
2007-05-31,1530.62,25.944666666666663,0.003941666666666667,5.25,7.8009,88.3,58.99555464193027,0.3099999999999996,6.810100000000014,9.200000000000003,3.0066074690454383,-2.0233172505259294,-1.067471207092796,-9.820735105253727,21.0,-2.0,5.0
2007-06-30,1503.35,26.169999999999998,0.003841666666666667,5.25,10.636,85.3,57.445548337791365,0.2599999999999998,10.14606666666668,0.3999999999999915,-2.0233172505259294,-3.4532995014837113,-5.029924719571367,-2.011969887828504,19.0,-2.0,0.0
2007-07-31,1455.27,26.43933333333333,0.004016666666666667,5.26,28.7886,90.4,55.04185682947125,0.019999999999999574,15.741833333333346,5.700000000000003,-3.4532995014837113,1.0893014507426273,-1.429982250957782,-8.150898830459361,23.0,4.0,6.0
2007-08-31,1473.99,26.708666666666666,0.0035,5.02,-1.5016,83.4,55.18770436562414,-0.23000000000000043,12.641000000000012,1.4000000000000057,1.0893014507426273,3.4077559831930158,4.542600952226339,6.3596413331169,29.0,6.0,2.0
2007-09-30,1526.75,26.978,0.003241666666666667,4.94,11.9168,83.4,56.59240862925346,-0.3099999999999996,13.067933333333349,-2.0,3.4077559831930158,1.305857122063948,2.3184545324503887,-4.636909064900777,22.0,-7.0,-13.0
2007-10-31,1549.38,27.229333333333333,0.00325,4.76,11.6295,80.9,56.90113602977182,-0.4900000000000002,7.348233333333348,-12.699999999999989,1.305857122063948,-4.529037740544252,-2.101898861129068,26.694115536339137,27.0,5.0,12.0
2007-11-30,1481.14,27.480666666666664,0.002725,4.49,2.8071,76.1,53.89752795905001,-0.7599999999999998,8.784466666666683,-16.0,-4.529037740544252,-0.9568204221073144,-5.8348948626082,93.3583178017312,30.0,3.0,-2.0
2007-12-31,1468.36,27.732,0.0025,4.24,18.1362,75.5,52.94821866435886,-1.0,10.857600000000014,-16.200000000000003,-0.9568204221073144,-6.18704938389314,3.572217318436938,-57.8699205586784,23.0,-7.0,-10.0
2008-01-31,1378.55,27.921999999999997,0.0022916666666666667,3.94,24.1685,78.4,49.37146336222334,-1.31,15.037266666666682,-18.5,-6.18704938389314,-3.4828458646161917,-5.230228961785826,96.75923579303779,39.0,16.0,23.0
2008-02-29,1330.63,28.112,0.0017666666666666666,2.98,26.232,70.8,47.3331673306773,-2.28,22.84556666666668,-20.5,-3.4828458646161917,-0.5237114374394094,2.7042035192769487,-55.43617214517745,27.0,-12.0,-28.0
2008-03-31,1322.7,28.302,0.00105,2.61,3.2104,69.5,46.73521305914777,-2.65,17.870300000000015,-18.900000000000006,-0.5237114374394094,4.82633903295447,2.9591344271767825,-55.92764067364121,31.0,4.0,16.0
2008-04-30,1385.59,28.438666666666666,0.001075,2.28,13.4642,62.6,48.72204510291153,-2.97,14.302200000000015,-24.499999999999993,4.82633903295447,1.0951088605656287,5.35005047039388,-131.07623652465003,25.0,-6.0,-10.0
2008-05-31,1400.38,28.575333333333333,0.0014416666666666666,1.98,13.2069,59.8,49.0066024310011,-3.27,9.960500000000016,-28.5,1.0951088605656287,-8.580379777869826,-3.7312301723888415,106.34005991308199,21.0,-4.0,2.0
2008-06-30,1280.0,28.712000000000003,0.0015500000000000002,2.0,24.1558,56.4,44.58066313736416,-3.25,16.942300000000014,-28.9,-8.580379777869826,-0.9345355902777747,-9.675488638435455,279.6216216507846,20.0,-1.0,3.0
2008-07-31,1267.38,28.759333333333338,0.0013583333333333331,2.01,2.866,61.2,44.06847632073066,-3.25,13.409566666666683,-29.200000000000003,-0.9345355902777747,1.2651278665873908,7.6458441875920515,-223.25865027768793,22.0,2.0,3.0
2008-08-31,1282.83,28.80666666666667,0.0014333333333333333,2.0,15.7629,63.0,44.53239990742883,-3.0199999999999996,14.261566666666683,-20.400000000000006,1.2651278665873908,-8.985874843120282,2.1996634568651654,-44.87313452004938,16.0,-6.0,-8.0
2008-09-30,1166.36,28.854000000000003,0.0009416666666666666,1.81,-9.4708,70.3,40.42281832674845,-3.1300000000000003,3.0527000000000157,-13.100000000000009,-8.985874843120282,-16.793244786248565,-10.251002709707674,134.2881354971706,59.0,43.0,49.0
2008-10-31,968.75,28.698333333333334,0.0005583333333333333,0.97,18.5638,57.6,33.75631569777571,-3.79,8.285300000000015,-23.300000000000004,-16.793244786248565,-7.255208243727601,-7.807369943128283,181.911719674889,100.0,41.0,-2.0
2008-11-30,896.24,28.54266666666667,0.00015833333333333332,0.39,8.306,55.3,31.400009342738354,-4.1000000000000005,5.799666666666681,-20.799999999999997,-7.255208243727601,1.0436018625963288,9.538036542520963,-198.391160084436,50.0,-50.0,-91.0
2008-12-31,903.25,28.387,2.4999999999999998e-05,0.16,11.3457,60.1,31.819142565258744,-4.08,12.738500000000016,-15.399999999999999,1.0436018625963288,-8.31815258172648,8.29881010632393,-127.80167563738851,34.0,-16.0,34.0
2009-01-31,825.88,28.009666666666668,0.00010833333333333333,0.15,70.822,61.2,29.485534755858094,-3.79,30.157900000000016,-17.200000000000003,-8.31815258172648,-10.73930541429209,-9.36175444432281,161.02217644235233,29.0,-5.0,11.0
2009-02-28,735.09,27.632333333333335,0.00025,0.22,77.8161,56.3,26.602530851538656,-2.76,53.327933333333355,-14.5,-10.73930541429209,8.831926600824387,-2.4211528325656104,35.10671607220135,35.0,6.0,11.0
2009-03-31,797.87,27.255000000000003,0.000175,0.18,31.003,57.3,29.274261603375525,-2.4299999999999997,59.880366666666696,-12.200000000000003,8.831926600824387,9.658055628666874,19.57123201511648,-238.7690305844211,45.0,10.0,4.0
2009-04-30,872.81,26.701333333333338,0.00013333333333333334,0.15,38.9557,65.1,32.68788075501847,-2.13,49.25826666666669,2.499999999999993,9.658055628666874,5.542792901344196,0.8261290278424873,2.0653225696062125,32.0,-13.0,-23.0
2009-05-31,919.14,26.14766666666667,0.00015,0.18,21.9618,68.7,35.151893731754264,-1.8,30.640166666666698,8.900000000000006,5.542792901344196,0.23663014702149848,-4.115262727322678,-36.62583827317186,25.0,-7.0,6.0
2009-06-30,919.32,25.594,0.00015,0.21,24.9186,70.8,35.919356099085725,-1.79,28.61203333333336,14.399999999999999,0.23663014702149848,7.6260613883691795,-5.306162754322697,-76.40874366224683,21.0,-4.0,3.0
2009-07-31,987.48,25.029666666666667,0.00015,0.16,26.3099,66.0,39.45238317196926,-1.8499999999999999,24.396766666666696,4.799999999999997,7.6260613883691795,3.548313361058227,7.389431241347681,35.46926995846884,19.0,-2.0,2.0
2009-08-31,1020.62,24.465333333333334,0.00014166666666666668,0.16,32.887,65.7,41.71698730176031,-1.84,28.03850000000003,2.700000000000003,3.548313361058227,3.7574893692069358,-4.077748027310952,-11.009919673739583,20.0,1.0,3.0
2009-09-30,1057.08,23.901,9.999999999999999e-05,0.15,36.5844,73.5,44.22743818250282,-1.6600000000000001,31.927100000000035,3.200000000000003,3.7574893692069358,-1.7975430956555318,0.20917600814870863,0.6693632260758682,22.0,2.0,1.0
2009-10-31,1036.19,23.40233333333333,5.833333333333334e-05,0.12,54.9727,70.6,44.27720882533082,-0.85,41.4813666666667,12.999999999999993,-1.7975430956555318,5.916430799906925,-5.555032464862467,-72.21542204321203,25.0,3.0,1.0
2009-11-30,1095.63,22.903666666666666,4.1666666666666665e-05,0.12,24.6335,67.4,47.836445401755185,-0.27,38.73020000000003,12.100000000000009,5.916430799906925,1.9433049554441837,7.713973895562456,93.33908413630579,24.0,-1.0,-4.0
2009-12-31,1115.1,22.405,4.1666666666666665e-05,0.12,25.778,72.5,49.77014059361749,-0.04000000000000001,35.1280666666667,12.399999999999999,1.9433049554441837,-3.5362378560966063,-3.973125844462741,-49.26676047133798,21.0,-3.0,-2.0
2010-01-31,1073.87,22.238,4.9999999999999996e-05,0.11,35.8021,74.4,48.28986419642054,-0.039999999999999994,28.7378666666667,13.200000000000003,-3.5362378560966063,3.013475738838666,-5.4795428115407905,-72.32996511233846,22.0,1.0,4.0
2010-02-28,1104.49,22.070999999999998,9.166666666666667e-05,0.13,8.9274,73.6,50.042589823750625,-0.09,23.502500000000037,17.299999999999997,3.013475738838666,6.032401568446387,6.549713594935272,113.31004519238019,23.0,1.0,0.0
2010-03-31,1169.43,21.904,0.000125,0.16,16.6244,73.6,53.38887874360848,-0.01999999999999999,20.45130000000004,16.299999999999997,6.032401568446387,1.6190027430267566,3.018925829607721,49.20849102260584,23.0,0.0,-1.0
2010-04-30,1186.69,21.94833333333333,0.00013333333333333334,0.2,27.6992,72.2,54.0674310881616,0.05000000000000002,17.75033333333337,7.1000000000000085,1.6190027430267566,-8.056485106566258,-4.41339882541963,-31.335131660479412,23.0,0.0,0.0
2010-05-31,1089.41,21.992666666666665,0.00013333333333333334,0.2,-4.9741,73.6,49.535148079662925,0.020000000000000018,13.116500000000038,4.8999999999999915,-8.056485106566258,-5.229667832435289,-9.675487849593015,-47.40989046300569,31.0,8.0,8.0
2010-06-30,1030.71,22.037,9.999999999999999e-05,0.18,59.3896,76.0,46.77179289376957,-0.03,27.371566666666705,5.200000000000003,-5.229667832435289,7.043471630666651,2.8268172741309696,14.69944982548105,20.0,-11.0,-19.0
2010-07-31,1101.6,22.142333333333333,0.00013333333333333334,0.18,14.9573,67.8,49.75085432128502,0.01999999999999999,23.124266666666703,1.7999999999999972,7.043471630666651,-4.589951686435893,12.27313946310194,22.091651033583457,16.0,-4.0,7.0
2010-08-31,1049.33,22.247666666666667,0.00013333333333333334,0.19,29.0573,68.9,47.16584510735208,0.03,34.46806666666671,3.200000000000003,-4.589951686435893,8.920128439099246,-11.633423317102544,-37.22695461472817,16.0,0.0,4.0
2010-09-30,1141.2,22.353,0.000125,0.19,28.2687,68.2,51.05354985907932,0.04000000000000001,24.09443333333337,-5.299999999999997,8.920128439099246,3.8389032986719522,13.51008012553514,-71.6034246653362,18.0,2.0,2.0
2010-10-31,1183.26,22.478333333333335,0.00010833333333333333,0.19,22.6484,67.7,52.64002372655149,0.07,26.658133333333367,-2.8999999999999915,3.8389032986719522,-0.08150432796773786,-5.081225140427294,14.735552907239109,21.0,3.0,1.0
2010-11-30,1180.55,22.60366666666667,0.00011666666666666668,0.19,26.8168,71.6,52.228252053501635,0.07,25.911300000000036,4.199999999999989,-0.08150432796773786,6.678781288382547,-3.92040762663969,-16.465712031886653,22.0,1.0,-2.0
2010-12-31,1257.64,22.729,0.00011666666666666668,0.18,18.6383,74.5,55.331954771437374,0.06,22.701166666666705,2.0,6.678781288382547,2.404215700306369,6.760285616350285,13.52057123270057,21.0,-1.0,-2.0
2011-01-31,1286.12,22.963,0.000125,0.17,24.2112,74.2,56.008361276836645,0.06000000000000001,23.22210000000004,-0.20000000000000284,2.404215700306369,3.3351284224385602,-4.274565588076178,0.8549131176152477,24.0,3.0,4.0
2011-02-28,1327.22,23.197000000000003,0.00010833333333333333,0.16,18.6508,77.5,57.2151571323878,0.03,20.500100000000042,3.9000000000000057,3.3351284224385602,0.03405476610256448,0.9309127221321911,3.6305596163155505,25.0,1.0,-2.0
2011-03-31,1325.83,23.431000000000004,8.333333333333333e-05,0.14,-1.7329,67.5,56.584439417865205,-0.01999999999999999,13.70970000000004,-6.099999999999994,0.03405476610256448,2.993714851158233,-3.301073656335996,20.136549303649556,25.0,0.0,-1.0
2011-04-30,1363.61,23.73433333333334,4.9999999999999996e-05,0.1,7.4707,69.8,57.45305675322667,-0.1,8.129533333333374,-2.4000000000000057,2.993714851158233,-1.206526409880943,2.9596600850556687,-7.103184204133622,22.0,-3.0,-3.0
2011-05-31,1345.2,24.03766666666667,3.3333333333333335e-05,0.09,5.4421,74.3,55.96217048243728,-0.11000000000000001,3.7266333333333734,0.7000000000000028,-1.206526409880943,-1.6782949251660104,-4.200241261039176,-2.940168882727435,18.0,-4.0,-1.0
2011-06-30,1320.64,24.341,3.3333333333333335e-05,0.09,5.364,71.5,54.255782424715505,-0.09,6.092266666666707,-4.5,-1.6782949251660104,-1.995416717147245,-0.47176851528506747,2.1229583187828034,17.0,-1.0,3.0
2011-07-31,1292.28,24.621000000000002,3.3333333333333335e-05,0.07,36.5825,63.7,52.486901425612274,-0.10999999999999999,15.796200000000042,-4.099999999999994,-1.995416717147245,-5.520201091610678,-0.3171217919812346,1.30019934712306,18.0,1.0,2.0
2011-08-31,1218.89,24.901,1.6666666666666667e-05,0.1,38.6148,55.8,48.949439781534885,-0.09,26.85376666666671,-13.100000000000009,-5.520201091610678,-7.004876629556398,-3.524784374463433,46.174675305471006,52.0,34.0,33.0
2011-09-30,1131.42,25.181,8.333333333333334e-06,0.08,77.2966,59.5,44.93149596918312,-0.11,50.83130000000005,-8.700000000000003,-7.004876629556398,10.959158864278699,-1.4846755379457193,12.916677180127762,25.0,-27.0,-61.0
2011-10-31,1253.3,25.595666666666666,1.6666666666666667e-05,0.07,19.8831,60.8,48.965319650461666,-0.12,45.26483333333337,-6.900000000000006,10.959158864278699,-0.3337522052891333,17.964035493835098,-123.95184490746227,27.0,2.0,29.0
2011-11-30,1246.96,26.010333333333328,8.333333333333334e-06,0.08,2.5655,63.7,47.94094654688522,-0.11,33.24840000000004,-7.8999999999999915,-0.3337522052891333,1.0290379803682466,-11.292911069567833,89.21399744958578,24.0,-3.0,-5.0
2011-12-31,1257.6,26.424999999999997,8.333333333333334e-06,0.07,22.1362,69.9,47.59129612109745,-0.10999999999999999,14.861600000000044,-4.599999999999994,1.0290379803682466,4.532953332626543,1.3627901856573799,-6.26883485402394,22.0,-2.0,1.0
2012-01-31,1312.41,26.734333333333332,2.4999999999999998e-05,0.08,17.5015,75.0,49.09080707704201,-0.09000000000000001,14.067733333333377,0.7999999999999972,4.532953332626543,4.223162589350039,3.5039153522582964,2.803132281806627,21.0,-1.0,1.0
2012-02-29,1365.68,27.043666666666667,7.5e-05,0.1,19.9323,75.3,50.49906940626887,-0.06,19.85666666666671,-2.200000000000003,4.223162589350039,3.293478071973916,-0.3097907432765039,0.6815396352083095,23.0,2.0,3.0
2012-03-31,1408.47,27.352999999999998,6.666666666666667e-05,0.13,11.2778,76.2,51.49234087668629,-0.010000000000000009,16.237200000000044,8.700000000000003,3.293478071973916,-0.5926729161588264,-0.9296845173761232,-8.088255301172275,21.0,-2.0,-4.0
2012-04-30,1397.91,27.675333333333334,6.666666666666667e-05,0.14,11.1367,76.4,50.511044732975215,0.04000000000000001,14.115600000000043,6.6000000000000085,-0.5926729161588264,-6.105665197409792,-3.8861509881327425,-25.648596521676133,20.0,-1.0,1.0
2012-05-31,1310.33,27.997666666666667,7.5e-05,0.16,30.2724,79.3,46.80140011667638,0.07,17.562300000000047,5.0,-6.105665197409792,4.1280994291514395,-5.512992281250965,-27.564961406254827,20.0,0.0,1.0
2012-06-30,1362.16,28.32,7.5e-05,0.16,4.5996,73.2,48.09887005649718,0.07,15.33623333333338,1.7000000000000028,4.1280994291514395,1.4272746552860298,10.233764626561232,17.397399865154124,16.0,-4.0,-4.0
2012-07-31,1379.32,28.743333333333332,8.333333333333333e-05,0.16,13.6199,72.3,47.98747535660443,0.09,16.163966666666713,8.599999999999994,1.4272746552860298,2.144216876592982,-2.70082477386541,-23.22709305524251,14.0,-2.0,2.0
2012-08-31,1406.58,29.166666666666664,8.333333333333333e-05,0.13,15.3676,74.3,48.2256,0.03,11.195700000000045,18.5,2.144216876592982,2.5897493802935894,0.7169422213069521,13.263431094178614,14.0,0.0,2.0
2012-09-30,1440.67,29.59,9.166666666666667e-05,0.14,14.0605,78.3,48.687732342007436,0.06000000000000001,14.349333333333377,18.799999999999997,2.5897493802935894,-1.8129201226819873,0.4455325037006075,8.376011069571419,16.0,2.0,2.0
2012-10-31,1412.16,30.142314022689746,8.333333333333333e-05,0.16,17.6835,82.6,46.849754101061755,0.09,15.703866666666707,21.799999999999997,-1.8129201226819873,0.4583031434432548,-4.402669502975577,-95.97819516486757,21.0,5.0,3.0
2012-11-30,1416.18,30.694628045379496,7.5e-05,0.16,5.7418,82.7,46.137714974304096,0.08,12.495266666666708,19.0,0.4583031434432548,0.8848664251017401,2.2712232661252423,43.153242056379604,27.0,6.0,1.0
2012-12-31,1426.19,31.246942068069245,5.833333333333334e-05,0.16,17.928,72.9,45.64254629759118,0.09,13.784433333333375,3.0,0.8848664251017401,5.221235964360762,0.4265632816584853,1.279689844975456,18.0,-9.0,-15.0
2013-01-31,1498.11,31.535275401402576,5.833333333333334e-05,0.14,8.8522,73.8,47.50584800452922,0.06000000000000001,10.840666666666712,-1.2000000000000028,5.221235964360762,1.2747478419182496,4.336369539259022,-5.203643447110839,20.0,2.0,11.0
2013-02-28,1514.68,31.823608734735906,8.333333333333333e-05,0.15,13.4413,77.6,47.59611056764615,0.04999999999999999,13.407166666666711,2.299999999999997,1.2747478419182496,3.767950601601597,-3.9464881224425126,-9.076922681617768,22.0,2.0,0.0
2013-03-31,1569.19,32.11194206806924,7.5e-05,0.14,5.4056,78.6,48.8662441117299,0.010000000000000009,9.233033333333378,2.3999999999999915,3.767950601601597,1.9761534497604611,2.4932027596833475,5.983686623240013,22.0,0.0,-2.0
2013-04-30,1597.57,32.49674181955436,4.9999999999999996e-05,0.15,2.8809,76.4,49.16092846694832,0.009999999999999981,7.242600000000045,0.0,1.9761534497604611,2.2444635371795942,-1.7917971518411357,-0.0,21.0,-1.0,-1.0
2013-05-31,1630.74,32.88154157103948,3.3333333333333335e-05,0.11,11.2259,84.5,49.594390107192524,-0.05,6.504133333333378,5.200000000000003,2.2444635371795942,-1.3341030691458928,0.2683100874191331,1.3952124545794928,20.0,-1.0,0.0
2013-06-30,1606.28,33.266341322524596,4.1666666666666665e-05,0.09,4.4336,84.1,48.285442165904485,-0.07,6.180133333333377,10.899999999999991,-1.3341030691458928,5.1174298137211665,-3.578566606325487,-39.006376008947775,18.0,-2.0,-1.0
2013-07-31,1685.73,33.645531342082776,3.3333333333333335e-05,0.09,6.9345,85.1,50.102641651301305,-0.07,7.531333333333378,12.799999999999997,5.1174298137211665,-2.9649349274911496,6.45153288286706,82.57962090069834,16.0,-2.0,0.0
2013-08-31,1632.97,34.02472136164096,3.3333333333333335e-05,0.08,16.0349,82.1,47.993633295142565,-0.05,9.134333333333377,7.799999999999997,-2.9649349274911496,3.1488500369531067,-8.082364741212317,-63.04244498145604,16.0,0.0,2.0
2013-09-30,1681.55,34.403911381199144,1.6666666666666667e-05,0.08,14.5738,77.5,48.876710016144386,-0.06000000000000001,12.514400000000045,-0.7999999999999972,3.1488500369531067,4.626877883619502,6.113784964444257,-4.891027971555388,23.0,7.0,7.0
2013-10-31,1756.54,34.59995562404514,4.1666666666666665e-05,0.09,5.68,73.2,50.76711713408377,-0.07,12.096233333333378,-9.399999999999991,4.626877883619502,2.9641910700718976,1.4780278466663956,-13.893461758664106,29.0,6.0,-1.0
2013-11-30,1805.81,34.79599986689113,5.833333333333334e-05,0.08,11.1871,75.1,51.89705733153117,-0.08,10.480300000000044,-7.6000000000000085,2.9641910700718976,2.5119289825144806,-1.6626868135476047,12.63641978296181,25.0,-4.0,-10.0
2013-12-31,1848.36,34.99204410973712,5.833333333333334e-05,0.09,9.5654,82.5,52.82229281042952,-0.07,8.81083333333338,9.599999999999994,2.5119289825144806,-3.402004216211673,-0.45226208755741704,-4.341716040551201,22.0,-3.0,1.0
2014-01-31,1782.59,35.40392243076026,3.3333333333333335e-05,0.07,18.5216,81.2,50.35007077213621,-0.07,13.091366666666714,7.400000000000006,-3.402004216211673,4.474970435114939,-5.913933198726154,-43.76310567057357,26.0,4.0,7.0
2014-02-28,1859.45,35.8158007517834,4.1666666666666665e-05,0.07,9.1573,81.6,51.91702994124489,-0.07999999999999999,12.414766666666713,4.0,4.474970435114939,0.8514074684844348,7.876974651326611,31.507898605306444,26.0,0.0,-4.0
2014-03-31,1872.34,36.22767907280654,4.1666666666666665e-05,0.08,5.2474,80.0,51.68258215595788,-0.06000000000000001,10.97543333333338,1.4000000000000057,0.8514074684844348,0.7805309116200045,-3.623562966630504,-5.072988153282726,24.0,-2.0,-2.0
2014-04-30,1883.95,36.61201164751149,2.4999999999999998e-05,0.09,5.5559,84.1,51.45715614148866,-0.06,6.653533333333381,7.699999999999989,0.7805309116200045,2.2641752666039205,-0.07087655686443028,-0.5457494878561124,25.0,1.0,3.0
2014-05-31,1923.57,36.99634422221644,2.4999999999999998e-05,0.09,5.3777,81.9,51.99351558754524,-0.020000000000000004,5.393666666666714,-2.5999999999999943,2.2641752666039205,2.0644394225187317,1.483644354983916,-3.857475322958173,19.0,-6.0,-7.0
2014-06-30,1960.23,37.38067679692139,3.3333333333333335e-05,0.1,8.2195,82.5,52.439660486870615,0.010000000000000009,6.384366666666715,-1.5999999999999943,2.0644394225187317,-1.349994986571336,-0.19973584408518885,0.31957735053630104,16.0,-3.0,3.0
2014-07-31,1930.67,37.75198829679195,2.4999999999999998e-05,0.09,17.2004,81.8,51.1408825628414,0.0,10.265866666666712,-3.299999999999997,-1.349994986571336,3.927583424392653,-3.4144344090900676,11.267633549997214,18.0,2.0,5.0
2014-08-31,2003.37,38.1232997966625,2.4999999999999998e-05,0.09,5.5348,82.5,52.54975331845185,0.009999999999999995,10.318233333333378,0.4000000000000057,3.927583424392653,-3.6391433047958666,5.277578410963989,2.1110313643856258,18.0,0.0,-2.0
2014-09-30,1927.29,38.49461129653305,1.6666666666666667e-05,0.09,15.8906,84.6,50.06648814177214,0.009999999999999995,12.875266666666713,7.099999999999994,-3.6391433047958666,4.875348848621925,-7.566726729188519,-53.72375977723844,20.0,2.0,2.0
2014-10-31,2018.05,38.81078789526535,1.6666666666666667e-05,0.09,10.8885,86.9,51.99714072916794,0.0,10.771300000000048,13.700000000000003,4.875348848621925,2.613262615288687,8.514492153417791,116.64854250182377,32.0,12.0,10.0
2014-11-30,2067.56,39.12696449399765,1.6666666666666667e-05,0.09,10.9088,88.8,52.84233077465486,0.009999999999999995,12.562633333333382,13.700000000000003,2.613262615288687,-0.2623750012384422,-2.2620862333332385,-30.990581396665373,25.0,-7.0,-19.0
2014-12-31,2058.9,39.443141092729945,2.4999999999999998e-05,0.12,17.5331,93.6,52.19918959191339,0.03,13.110133333333382,11.099999999999994,-0.2623750012384422,-2.9451007792289334,-2.875637616527129,-31.919577543451116,29.0,4.0,11.0
2015-01-31,1994.98999,39.8976306774656,2.4999999999999998e-05,0.11,16.2958,98.1,50.00271836008501,0.039999999999999994,14.912566666666715,16.89999999999999,-2.9451007792289334,5.656140503008243,-2.682725777990491,-45.338065648039276,27.0,-2.0,-6.0
2015-02-28,2104.5,40.352120262201254,1.6666666666666667e-05,0.11,7.9046,95.4,52.15339333659086,0.039999999999999994,13.911166666666716,13.800000000000011,5.656140503008243,-1.5805259529304692,8.601241282237176,118.69712969487313,26.0,-1.0,1.0
2015-03-31,2067.889893,40.80660984693691,2.4999999999999998e-05,0.11,9.7785,93.0,50.675366092810165,0.03,11.326300000000051,13.0,-1.5805259529304692,1.0161172589623535,-7.236666455938712,-94.07666392720326,26.0,0.0,1.0
2015-04-30,2085.51001,41.11840716793592,1.6666666666666667e-05,0.12,10.7024,95.9,50.71962056998837,0.03,9.461833333333383,11.800000000000011,1.0161172589623535,1.213019425429563,2.5966432118928227,30.640389900335336,26.0,0.0,0.0
2015-05-31,2107.389893,41.43020448893493,1.6666666666666667e-05,0.12,9.1241,90.7,50.866026827428186,0.03,9.868333333333382,8.799999999999997,1.213019425429563,-1.9377718926003862,0.19690216646720948,1.732739064911443,21.0,-5.0,-5.0
2015-06-30,2063.110107,41.74200180993394,1.6666666666666667e-05,0.13,18.7258,96.1,49.42527951567987,0.03,12.850766666666715,13.599999999999994,-1.9377718926003862,2.141342216562656,-3.150791318029949,-42.85076192520729,21.0,0.0,5.0
2015-07-31,2103.840088,41.9981333764469,2.4999999999999998e-05,0.13,0.9648,93.1,50.093657000000405,0.04000000000000001,9.604900000000047,11.299999999999997,2.141342216562656,-6.096545549800676,4.079114109163042,46.09398943354236,35.0,14.0,14.0
2015-08-31,1972.180054,42.254264942959864,5.833333333333334e-05,0.14,11.7472,91.9,46.67410631003278,0.05000000000000002,10.479266666666712,9.400000000000006,-6.096545549800676,-2.466324589707589,-8.237887766363333,-77.43614500381537,60.0,25.0,11.0
2015-09-30,1920.030029,42.51039650947283,1.6666666666666667e-05,0.14,16.2587,87.2,45.16612844512399,0.05000000000000002,9.656900000000048,2.6000000000000085,-2.466324589707589,8.48241865116405,3.630220960093087,9.438574496242056,40.0,-20.0,-45.0
2015-10-31,2079.360107,42.8028934599586,1.6666666666666667e-05,0.12,4.276,90.0,48.579895864872014,0.03,10.760633333333383,3.0999999999999943,8.48241865116405,0.21319787316204206,10.94874324087164,33.94110404670202,30.0,-10.0,10.0
2015-11-30,2080.409912,43.095390410444374,9.999999999999999e-05,0.12,14.1915,91.3,48.274534519492434,0.03,11.57540000000005,2.5,0.21319787316204206,-1.5983897577707624,-8.269220778002008,-20.67305194500502,26.0,-4.0,6.0
2015-12-31,2043.939941,43.387887360930144,0.00019166666666666667,0.24,9.1229,92.6,47.108538011936574,0.12,9.19680000000005,-1.0,-1.5983897577707624,-4.917638642462985,-1.8115876309328045,1.8115876309328045,26.0,0.0,4.0
2016-01-31,1940.24,43.55057143838622,0.00021666666666666666,0.34,15.816,92.0,44.55142460633339,0.23000000000000004,13.043466666666717,-6.099999999999994,-4.917638642462985,-0.25092036931924516,-3.3192488846922226,20.24741819662254,53.0,27.0,27.0
2016-02-29,1932.23,43.7132555158423,0.00025833333333333334,0.38,2.0148,91.7,44.202381570499426,0.27,8.984566666666717,-3.700000000000003,-0.25092036931924516,6.764172625210666,4.66671827314374,-17.266857610631853,39.0,-14.0,-41.0
2016-03-31,2059.74,43.87593959329838,0.00024166666666666664,0.36,5.078,91.0,46.944635695382466,0.25,7.636266666666718,-2.0,6.764172625210666,0.42907188739622254,7.015092994529911,-14.030185989059822,30.0,-9.0,5.0
2016-04-30,2065.3,44.07058552145557,0.00019166666666666667,0.37,12.6402,89.0,46.863457237129694,0.25,6.577666666666718,-6.900000000000006,0.42907188739622254,1.6885719647251045,-6.335100737814443,43.71219509091969,27.0,-3.0,6.0
2016-05-31,2096.95,44.26523144961276,0.00022500000000000002,0.37,8.7618,94.7,47.372394344915236,0.25,8.826666666666718,4.0,1.6885719647251045,0.24526936891586354,1.259500077328882,5.038000309315528,23.0,-4.0,-1.0
2016-06-30,2098.86,44.459877377769956,0.00022500000000000002,0.38,0.0348,93.5,47.20795746165137,0.25,7.1456000000000515,-2.5999999999999943,0.24526936891586354,3.7132534726037494,-1.443302595809241,3.7525867491040183,35.0,12.0,16.0
2016-07-31,2173.6,44.64848202109421,0.00025,0.39,6.6532,90.0,48.68250613700777,0.26,5.149933333333384,-3.0999999999999943,3.7132534726037494,0.024982696388552376,3.467984103687886,-10.750750721432427,23.0,-12.0,-24.0
2016-08-31,2170.95,44.837086664418464,0.00025,0.4,11.2992,89.8,48.41862309762442,0.26,5.9957333333333835,-2.1000000000000085,0.024982696388552376,0.025219129519897607,-3.688270776215197,7.745368630051946,20.0,-3.0,9.0
2016-09-30,2168.27,45.02569130774271,0.00024166666666666664,0.4,5.6036,91.2,48.15628449056461,0.26,7.85200000000005,4.0,0.025219129519897607,-1.7961501910371072,0.000236433131345231,0.000945732525380924,23.0,3.0,6.0
2016-10-31,2126.15,45.25066203359443,0.000275,0.4,17.1324,87.2,46.986052898442246,0.28,11.345066666666717,-2.799999999999997,-1.7961501910371072,3.558184032795758,-1.8213693205570047,5.099834097559608,23.0,0.0,-3.0
2016-11-30,2198.81,45.47563275944614,0.00037500000000000006,0.41,6.3864,93.8,48.35138878948894,0.29,9.707466666666718,2.5,3.558184032795758,1.9507774375127775,5.354334223832865,13.385835559582162,58.0,35.0,35.0
2016-12-31,2238.83,45.70060348529786,0.00042500000000000003,0.54,12.5386,98.2,48.98906861744712,0.30000000000000004,12.019133333333386,5.6000000000000085,1.9507774375127775,1.9168912927018,-1.6074065952829804,-9.001476933584703,29.0,-29.0,-64.0
2017-01-31,2278.870117,45.92787694074595,0.00042500000000000003,0.65,7.4651,98.5,49.618451119351626,0.31,8.796700000000053,6.5,1.9168912927018,3.8452620662883956,-0.033886144810977514,-0.22025994127135384,31.0,2.0,31.0
2017-02-28,2363.639893,46.15515039619405,0.0004333333333333333,0.66,10.9366,96.3,51.21075053836041,0.28,10.313433333333386,4.599999999999994,3.8452620662883956,0.06294114674684197,1.9283707735865956,8.870505558498328,32.0,1.0,-1.0
2017-03-31,2362.719971,46.382423851642145,0.0006166666666666667,0.79,7.1965,96.9,50.939984908019184,0.43000000000000005,8.532733333333384,5.900000000000006,0.06294114674684197,1.0070289496055311,-3.7823209195415535,-22.315693425295187,32.0,0.0,-1.0
2017-04-30,2384.199951,46.66128904097401,0.0006666666666666666,0.9,4.493,97.0,51.09588697616983,0.53,7.542033333333386,8.0,1.0070289496055311,1.2475252285946816,0.9440878028586892,7.552702422869514,28.0,-4.0,-4.0
2017-05-31,2411.800049,46.94015423030588,0.0007416666666666666,0.91,5.7031,97.1,51.38031795052932,0.54,5.797533333333386,2.3999999999999915,1.2475252285946816,0.5628635999039415,0.2404962789891505,0.5771910695739592,26.0,-2.0,2.0
2017-06-30,2423.409912,47.219019419637746,0.0008166666666666666,1.04,5.9955,95.0,51.32274964168648,0.66,5.397200000000052,1.5,0.5628635999039415,2.0091806807728037,-0.6846616286907401,-1.0269924430361101,25.0,-1.0,1.0
2017-07-31,2470.300049,47.537047272445676,0.0008916666666666668,1.15,5.8568,93.4,51.96578649157879,0.7599999999999999,5.851800000000051,3.4000000000000057,2.0091806807728037,0.13191137329716437,1.4463170808688621,4.91747807495414,23.0,-2.0,-1.0
2017-08-31,2471.649902,47.85507512525361,0.0008416666666666667,1.16,4.5638,96.8,51.648647411603065,0.7599999999999999,5.4720333333333855,7.0,0.13191137329716437,2.006883365998452,-1.8772693074756392,-13.140885152329474,27.0,4.0,6.0
2017-09-30,2519.360107,48.17310297806154,0.0008583333333333333,1.15,4.9171,95.1,52.2980657514908,0.7499999999999999,5.112566666666718,3.8999999999999915,2.006883365998452,2.289826677380273,1.8749719927012878,7.312390771535006,24.0,-3.0,-7.0
2017-10-31,2575.26001,48.4260750972436,0.0008916666666666668,1.15,6.5894,100.7,53.17920159394836,0.7499999999999999,5.356766666666719,13.5,2.289826677380273,0.42702576497451844,0.2829433113818207,3.8197347036545795,29.0,5.0,8.0
2017-11-30,2584.840088,48.67904721642566,0.001025,1.16,6.9722,98.5,53.099644216697065,0.75,6.159566666666719,4.700000000000003,0.42702576497451844,3.482008948987155,-1.8628009124057545,-8.755164288307052,32.0,3.0,-2.0
2017-12-31,2673.610107,48.93201933560771,0.0011,1.3,6.1073,95.9,54.639275944502465,0.76,6.556300000000053,-2.299999999999997,3.482008948987155,5.655426738390919,3.0549831840126367,-7.026461323229055,34.0,2.0,-1.0
2018-01-31,2823.81,50.55,0.0012,1.41,10.0329,95.7,55.86172106824926,0.7599999999999999,7.704133333333385,-2.799999999999997,5.655426738390919,-3.8809802565800524,2.1734177894037643,-6.085569810330534,43.0,9.0,7.0
2018-02-28,2713.83,50.69,0.0013583333333333331,1.42,-5.9018,99.7,53.53777865456698,0.7599999999999999,3.412800000000052,3.4000000000000057,-3.8809802565800524,-2.6737277513084163,-9.53640699497097,-32.42378378290135,88.0,45.0,36.0
2018-03-31,2640.87,50.93,0.0014166666666666666,1.51,8.6653,101.4,51.85293540153151,0.72,4.265466666666719,4.5,-2.6737277513084163,0.2796994677259179,1.207252505271636,5.432636273722363,48.0,-40.0,-85.0
2018-04-30,2648.05,51.07,0.0015333333333333332,1.69,-1.9751,98.8,51.85138045819464,0.7899999999999999,0.2628000000000525,1.7999999999999972,0.2796994677259179,2.164428714840474,2.9534272190343343,5.316168994261793,43.0,-5.0,35.0
2018-05-31,2705.27,51.19,0.0015749999999999998,1.7,9.4048,98.0,52.847626489548745,0.7899999999999999,5.365000000000052,0.9000000000000057,2.164428714840474,0.485196169575191,1.884729247114556,1.696256322403111,31.0,-12.0,-7.0
2018-06-30,2718.37,51.44,0.0015749999999999998,1.82,13.2745,98.2,52.84545101088647,0.78,6.901400000000052,3.200000000000003,0.485196169575191,3.595397355155241,-1.679232545265283,-5.3735441448489105,32.0,1.0,13.0
2018-07-31,2816.29,51.89,0.0016583333333333333,1.91,8.1409,97.9,54.27423395644633,0.76,10.273400000000054,4.5,3.595397355155241,3.008605875696986,3.11020118558005,13.995905335110224,32.0,0.0,-1.0
2018-08-31,2901.52,52.31,0.001725,1.91,8.503,96.2,55.46778818581533,0.75,9.972800000000051,-0.5999999999999943,3.008605875696986,0.4016208745760929,-0.5867914794582552,0.35207488767494977,33.0,1.0,1.0
2018-09-30,2913.98,52.7,0.0017916666666666665,1.95,7.9528,100.1,55.29373814041745,0.8,8.198900000000053,5.0,0.4016208745760929,-6.979372261763421,-2.606985001120893,-13.034925005604466,31.0,-2.0,-3.0
2018-10-31,2711.74,53.08,0.0019083333333333333,2.19,-2.2509,98.6,51.08779201205727,1.04,4.734966666666719,-2.1000000000000085,-6.979372261763421,1.7577509643255045,-7.380993136339514,15.500085586313043,62.0,31.0,33.0
2018-11-30,2760.17,53.74,0.0019333333333333331,2.2,2.7329,97.5,51.36155563825828,1.0400000000000003,2.811600000000052,-1.0,1.7577509643255045,-9.213514868045571,8.737123226088926,-8.737123226088926,48.0,-14.0,-45.0
2018-12-31,2506.85,54.38,0.002,2.27,-4.0034,98.3,46.09874954027215,0.97,-1.1737999999999482,2.3999999999999915,-9.213514868045571,,-10.971265832371076,-26.331037997690487,77.0,29.0,43.0
